job_label,instance_id,mode,ranking_mode,k,alphabet,trace_len,chain_count,sum_I,eta_pair,lemma1_pass,lemma2_pass,lemma3_pass,all_pass,violation_count,trace
campaign_smoke_task0_smoke,0,random,adv_bias,5,7,28,2,3,32,False,False,True,False,3,"p3,p3,p3,p3,p0,p3,p5,p3,p0,p3,p5,p3,p5,p4,p6,p2,p2,p3,p0,p5,p3,p3,p3,p1,p3,p2,p1,p3"
campaign_smoke_task0_smoke,1,random,near_tie,8,9,134,0,0,0,True,True,True,True,0,"p4,p3,p2,p8,p6,p3,p3,p6,p2,p2,p6,p8,p2,p8,p2,p6,p5,p3,p2,p5,p7,p3,p3,p7,p7,p2,p4,p2,p6,p3,p7,p3,p3,p5,p3,p1,p2,p4,p2,p2,p6,p1,p3,p2,p2,p1,p2,p1,p1,p4,p2,p6,p2,p2,p7,p2,p5,p3,p2,p1,p2,p4,p2,p4,p1,p2,p2,p7,p4,p1,p1,p8,p4,p8,p4,p8,p3,p7,p8,p8,p3,p3,p5,p4,p5,p4,p5,p8,p5,p4,p3,p8,p3,p3,p5,p6,p4,p2,p7,p8,p5,p4,p4,p7,p4,p3,p4,p4,p4,p4,p7,p1,p0,p7,p4,p6,p0,p4,p0,p7,p4,p4,p4,p6,p1,p4,p6,p1,p4,p3,p1,p0,p1,p0"
campaign_smoke_task0_smoke,2,random,adv_bias,6,14,36,5,10,65,True,True,True,True,0,"p0,p5,p5,p5,p5,p7,p5,p1,p0,p5,p5,p1,p1,p11,p6,p6,p5,p9,p1,p8,p1,p11,p1,p6,p8,p9,p7,p2,p6,p1,p1,p6,p4,p4,p0,p1"
campaign_smoke_task0_smoke,3,random,near_tie,6,7,44,0,0,0,True,True,True,True,0,"p4,p4,p4,p4,p4,p1,p4,p5,p2,p1,p4,p1,p5,p5,p5,p5,p5,p5,p0,p5,p5,p5,p5,p5,p4,p5,p5,p5,p5,p5,p6,p5,p5,p5,p5,p5,p5,p2,p5,p5,p5,p5,p6,p5"
campaign_smoke_task0_smoke,4,random,near_tie,6,8,90,0,0,0,True,True,True,True,0,"p0,p0,p0,p5,p4,p3,p0,p7,p3,p1,p0,p0,p0,p0,p3,p4,p6,p6,p2,p1,p0,p7,p4,p4,p4,p1,p7,p4,p7,p4,p0,p2,p2,p2,p7,p3,p0,p6,p4,p3,p0,p2,p2,p2,p5,p5,p4,p4,p3,p1,p1,p4,p3,p3,p0,p3,p2,p7,p4,p2,p1,p0,p0,p4,p7,p1,p6,p4,p6,p5,p2,p6,p4,p6,p6,p6,p5,p5,p6,p4,p6,p2,p5,p6,p5,p7,p1,p3,p6,p5"
campaign_smoke_task0_smoke,5,random,noisy,5,7,56,0,0,0,True,True,True,True,0,"p3,p2,p4,p5,p5,p5,p6,p3,p2,p2,p5,p6,p5,p5,p1,p5,p5,p3,p2,p3,p3,p6,p3,p3,p4,p2,p2,p3,p3,p1,p3,p3,p4,p3,p2,p5,p0,p1,p3,p2,p5,p3,p2,p0,p3,p2,p5,p1,p0,p3,p6,p6,p0,p0,p1,p6"
campaign_smoke_task0_smoke,6,random,noisy,6,14,83,0,0,0,True,True,True,True,0,"p0,p0,p0,p1,p2,p0,p0,p8,p3,p2,p0,p2,p0,p0,p2,p7,p10,p10,p10,p8,p2,p2,p0,p9,p4,p9,p1,p4,p0,p0,p4,p6,p10,p3,p4,p6,p6,p12,p5,p12,p2,p0,p12,p6,p5,p6,p6,p6,p1,p10,p5,p0,p11,p6,p7,p6,p2,p6,p6,p11,p4,p10,p6,p7,p6,p9,p5,p9,p8,p6,p6,p11,p9,p9,p7,p6,p4,p6,p4,p7,p8,p7,p8"
campaign_smoke_task0_smoke,7,random,near_tie,4,8,46,1,0,0,True,True,True,True,0,"p6,p6,p6,p6,p6,p2,p6,p6,p6,p6,p6,p0,p5,p7,p4,p6,p4,p6,p6,p7,p6,p6,p6,p6,p4,p6,p6,p4,p4,p5,p6,p1,p5,p6,p5,p6,p6,p5,p3,p6,p5,p5,p4,p5,p2,p4"
campaign_smoke_task0_smoke,8,random,near_tie,6,10,114,1,1,2,True,True,True,True,0,"p3,p6,p0,p6,p0,p4,p2,p6,p6,p5,p8,p8,p8,p1,p2,p8,p4,p1,p4,p4,p0,p1,p4,p3,p6,p1,p3,p8,p6,p4,p0,p6,p8,p3,p8,p4,p4,p3,p4,p0,p5,p8,p2,p5,p6,p1,p7,p3,p8,p7,p5,p7,p8,p0,p1,p5,p8,p0,p2,p5,p6,p5,p5,p0,p2,p0,p9,p5,p2,p2,p5,p3,p1,p9,p0,p9,p0,p9,p3,p6,p9,p5,p3,p3,p8,p7,p9,p6,p8,p9,p0,p2,p4,p6,p7,p9,p9,p7,p8,p2,p4,p4,p3,p0,p0,p1,p8,p7,p0,p5,p0,p9,p2,p7"
campaign_smoke_task0_smoke,9,random,adv_bias,2,6,28,0,0,0,True,True,True,True,0,"p4,p4,p4,p4,p4,p4,p4,p4,p4,p4,p4,p4,p4,p4,p4,p4,p4,p4,p4,p4,p4,p2,p4,p4,p4,p4,p4,p4"
campaign_smoke_task0_smoke,10,random,near_tie,6,8,74,0,0,0,True,True,True,True,0,"p5,p5,p5,p5,p5,p5,p5,p5,p5,p5,p5,p5,p5,p0,p5,p0,p5,p5,p5,p5,p0,p5,p0,p5,p5,p5,p5,p5,p5,p5,p5,p5,p5,p2,p0,p5,p5,p5,p5,p5,p2,p5,p2,p5,p0,p2,p2,p5,p5,p5,p5,p2,p2,p0,p0,p0,p2,p5,p2,p2,p0,p5,p5,p5,p2,p2,p2,p2,p1,p6,p2,p2,p5,p5"
campaign_smoke_task0_smoke,11,random,adv_bias,3,4,40,4,3,34,True,True,True,True,0,"p1,p1,p1,p1,p3,p3,p3,p0,p1,p0,p2,p3,p2,p1,p1,p0,p1,p2,p3,p1,p1,p0,p3,p1,p1,p0,p3,p3,p1,p3,p1,p2,p3,p3,p1,p0,p3,p3,p1,p3"
campaign_smoke_task0_smoke,12,random,adv_bias,3,7,60,0,0,0,True,True,True,True,0,"p0,p0,p0,p0,p0,p3,p0,p0,p0,p0,p0,p0,p0,p0,p0,p0,p0,p0,p0,p0,p0,p0,p0,p0,p0,p0,p0,p0,p0,p0,p0,p0,p0,p0,p0,p0,p0,p0,p0,p0,p0,p0,p0,p0,p0,p0,p0,p0,p0,p0,p0,p0,p6,p0,p6,p6,p0,p0,p0,p0"
campaign_smoke_task0_smoke,13,random,near_tie,2,4,15,0,0,0,True,True,True,True,0,"p0,p0,p0,p2,p2,p0,p0,p0,p3,p2,p3,p0,p2,p2,p3"
campaign_smoke_task0_smoke,14,random,adv_bias,6,7,38,0,0,0,True,True,True,True,0,"p5,p5,p5,p5,p5,p5,p5,p5,p5,p5,p5,p5,p5,p5,p5,p4,p5,p5,p5,p6,p5,p4,p5,p5,p5,p5,p5,p5,p5,p5,p5,p5,p5,p5,p0,p5,p6,p5"
campaign_smoke_task0_smoke,15,random,adv_bias,6,7,40,0,0,0,True,True,True,True,0,"p6,p6,p2,p5,p6,p6,p3,p3,p3,p1,p2,p3,p5,p5,p5,p6,p2,p3,p4,p4,p2,p5,p3,p2,p1,p5,p2,p3,p4,p3,p5,p4,p3,p5,p6,p6,p4,p4,p6,p6"
campaign_smoke_task0_smoke,16,random,near_tie,6,14,97,2,0,0,False,False,True,False,2,"p13,p5,p8,p0,p8,p4,p5,p4,p1,p3,p8,p7,p7,p6,p8,p10,p4,p4,p8,p4,p11,p8,p3,p8,p5,p10,p7,p6,p4,p6,p4,p4,p3,p5,p5,p4,p0,p8,p10,p3,p2,p4,p7,p2,p6,p1,p2,p0,p10,p4,p10,p6,p1,p4,p7,p6,p8,p3,p0,p6,p8,p2,p6,p5,p1,p6,p9,p5,p1,p4,p5,p7,p1,p6,p11,p1,p2,p1,p2,p13,p7,p1,p7,p2,p4,p6,p1,p8,p2,p0,p4,p1,p11,p2,p7,p8,p10"
campaign_smoke_task0_smoke,17,random,noisy,3,4,56,0,0,0,True,True,True,True,0,"p3,p3,p3,p3,p3,p3,p3,p3,p3,p3,p3,p3,p3,p3,p3,p0,p2,p3,p3,p0,p0,p0,p0,p0,p0,p1,p0,p3,p2,p2,p0,p0,p2,p3,p0,p2,p0,p2,p2,p2,p2,p2,p1,p2,p2,p2,p2,p2,p1,p1,p2,p2,p2,p1,p1,p1"
campaign_smoke_task0_smoke,18,random,adv_bias,5,9,81,0,0,0,True,True,True,True,0,"p3,p3,p3,p3,p3,p3,p3,p3,p3,p3,p3,p3,p3,p3,p3,p2,p7,p3,p7,p7,p3,p3,p3,p3,p7,p7,p7,p7,p7,p3,p3,p7,p7,p7,p7,p7,p7,p7,p3,p7,p7,p7,p3,p7,p7,p7,p7,p2,p7,p7,p2,p7,p7,p7,p2,p7,p2,p3,p7,p7,p8,p7,p3,p7,p2,p7,p3,p7,p7,p7,p2,p2,p3,p3,p3,p8,p3,p2,p7,p8,p2"
campaign_smoke_task0_smoke,19,random,near_tie,8,12,82,1,0,0,True,True,True,True,0,"p1,p1,p1,p10,p6,p4,p7,p4,p9,p5,p0,p3,p11,p9,p2,p1,p9,p10,p3,p3,p7,p7,p10,p7,p5,p9,p0,p7,p4,p1,p2,p1,p2,p2,p4,p0,p0,p10,p0,p1,p0,p6,p8,p0,p7,p1,p9,p7,p0,p9,p7,p3,p3,p8,p8,p7,p5,p3,p0,p2,p3,p4,p5,p11,p4,p1,p8,p2,p2,p9,p0,p0,p7,p3,p1,p5,p2,p1,p8,p5,p9,p1"
campaign_smoke_task0_smoke,20,random,adv_bias,4,8,29,5,8,46,True,True,True,True,0,"p0,p6,p0,p3,p7,p0,p0,p5,p2,p6,p4,p6,p5,p3,p2,p5,p7,p4,p4,p4,p0,p2,p4,p3,p2,p4,p4,p0,p5"
campaign_smoke_task0_smoke,21,random,noisy,5,7,60,0,0,0,True,True,True,True,0,"p4,p4,p3,p4,p2,p0,p2,p4,p0,p2,p3,p2,p2,p0,p4,p2,p2,p6,p4,p2,p4,p6,p1,p3,p5,p0,p4,p6,p2,p5,p4,p6,p4,p5,p6,p6,p6,p1,p0,p6,p4,p3,p5,p5,p6,p4,p6,p0,p5,p1,p0,p5,p6,p4,p5,p6,p6,p4,p3,p1"
campaign_smoke_task0_smoke,22,random,adv_bias,8,12,123,13,53,377,False,True,True,False,1,"p9,p9,p5,p2,p2,p2,p5,p9,p2,p5,p5,p9,p2,p10,p7,p2,p7,p9,p9,p1,p2,p1,p2,p5,p1,p5,p2,p6,p7,p1,p5,p4,p5,p1,p6,p9,p4,p2,p2,p2,p9,p6,p5,p4,p5,p9,p10,p8,p2,p2,p2,p8,p5,p6,p8,p10,p9,p10,p9,p7,p9,p9,p10,p9,p8,p0,p7,p5,p8,p7,p7,p7,p9,p5,p10,p10,p4,p5,p7,p9,p11,p4,p9,p4,p6,p4,p3,p5,p5,p11,p0,p11,p10,p0,p9,p7,p3,p9,p1,p3,p1,p11,p11,p5,p5,p6,p10,p6,p1,p0,p4,p4,p4,p1,p1,p1,p1,p5,p4,p1,p7,p6,p2"
campaign_smoke_task0_smoke,23,random,near_tie,5,9,44,1,0,0,False,False,True,False,2,"p7,p7,p7,p7,p7,p7,p7,p7,p6,p7,p7,p7,p7,p6,p7,p7,p6,p8,p8,p5,p7,p3,p2,p8,p8,p2,p8,p8,p6,p8,p2,p4,p8,p8,p8,p8,p2,p2,p1,p6,p8,p8,p0,p6"
campaign_smoke_task0_smoke,24,random,adv_bias,4,6,55,9,14,108,False,True,True,False,1,"p1,p1,p1,p1,p4,p3,p1,p5,p0,p0,p0,p3,p0,p2,p0,p1,p1,p4,p1,p4,p2,p1,p1,p2,p5,p3,p3,p2,p3,p5,p3,p5,p2,p5,p2,p4,p5,p4,p2,p2,p5,p5,p1,p0,p1,p2,p1,p5,p5,p4,p2,p5,p1,p1,p3"
campaign_smoke_task0_smoke,25,random,near_tie,3,4,28,0,0,0,True,True,True,True,0,"p3,p3,p3,p3,p3,p3,p2,p3,p3,p2,p3,p3,p2,p3,p2,p3,p3,p3,p3,p3,p3,p3,p3,p3,p3,p3,p3,p3"
campaign_smoke_task0_smoke,26,random,noisy,6,7,31,0,0,0,True,True,True,True,0,"p3,p6,p0,p3,p0,p3,p3,p3,p0,p3,p6,p3,p3,p3,p0,p3,p0,p1,p1,p3,p1,p3,p0,p1,p6,p6,p6,p0,p6,p5,p5"
campaign_smoke_task0_smoke,27,random,noisy,5,9,59,1,0,1,True,True,True,True,0,"p2,p4,p2,p0,p4,p4,p8,p4,p4,p5,p1,p4,p6,p7,p2,p8,p4,p4,p6,p3,p1,p3,p6,p4,p4,p4,p1,p4,p5,p3,p3,p3,p7,p3,p0,p0,p1,p0,p2,p0,p3,p3,p0,p1,p3,p2,p6,p1,p5,p3,p3,p1,p7,p8,p0,p7,p1,p3,p5"
campaign_smoke_task0_smoke,28,random,near_tie,6,7,109,0,0,0,True,True,True,True,0,"p5,p6,p5,p4,p1,p4,p3,p4,p0,p5,p5,p1,p4,p1,p2,p1,p1,p5,p0,p1,p0,p6,p2,p1,p5,p3,p3,p6,p2,p6,p6,p1,p0,p6,p6,p2,p6,p1,p6,p1,p6,p2,p6,p1,p2,p1,p3,p3,p6,p1,p6,p3,p0,p0,p3,p1,p2,p4,p6,p1,p1,p6,p0,p1,p1,p1,p3,p6,p2,p6,p2,p1,p1,p0,p2,p6,p1,p1,p2,p0,p2,p6,p1,p5,p1,p1,p1,p3,p6,p2,p1,p3,p4,p4,p6,p3,p3,p3,p2,p3,p4,p0,p6,p2,p3,p4,p1,p0,p3"
campaign_smoke_task0_smoke,29,random,noisy,6,8,112,1,0,0,True,True,True,True,0,"p1,p0,p0,p1,p5,p1,p7,p2,p0,p6,p4,p0,p4,p4,p6,p4,p7,p4,p4,p2,p4,p4,p4,p0,p0,p4,p6,p2,p2,p5,p4,p2,p7,p3,p7,p3,p3,p6,p0,p7,p7,p6,p6,p3,p7,p7,p7,p7,p0,p7,p7,p4,p7,p7,p0,p3,p7,p2,p2,p7,p7,p3,p7,p7,p7,p4,p5,p2,p7,p7,p5,p4,p7,p6,p4,p7,p7,p3,p2,p2,p4,p2,p3,p1,p0,p2,p4,p4,p1,p3,p0,p2,p3,p3,p1,p0,p3,p1,p4,p1,p4,p4,p0,p4,p4,p1,p1,p4,p1,p4,p1,p4"
campaign_smoke_task0_smoke,30,random,near_tie,2,3,21,0,0,0,True,True,True,True,0,"p2,p1,p0,p1,p1,p0,p2,p1,p2,p1,p1,p2,p1,p1,p0,p2,p2,p1,p0,p2,p2"
campaign_smoke_task0_smoke,31,random,noisy,8,10,125,0,0,0,True,True,True,True,0,"p4,p4,p8,p4,p4,p8,p4,p4,p2,p7,p4,p5,p9,p0,p2,p2,p4,p1,p1,p3,p0,p3,p2,p6,p7,p7,p9,p1,p7,p1,p1,p1,p7,p5,p6,p7,p4,p6,p7,p4,p2,p5,p7,p6,p1,p9,p9,p7,p9,p6,p4,p3,p6,p6,p7,p9,p1,p6,p7,p7,p8,p9,p6,p9,p6,p0,p7,p6,p2,p7,p1,p1,p4,p5,p4,p9,p5,p3,p5,p8,p5,p9,p0,p9,p0,p7,p9,p3,p5,p7,p4,p0,p0,p9,p2,p9,p9,p1,p2,p2,p4,p9,p0,p6,p7,p5,p5,p0,p0,p6,p6,p5,p4,p3,p0,p0,p1,p1,p1,p5,p7,p8,p2,p6,p3"
campaign_smoke_task0_smoke,32,random,adv_bias,3,4,18,1,0,2,True,True,True,True,0,"p0,p0,p0,p0,p0,p0,p0,p2,p0,p1,p0,p2,p2,p1,p0,p1,p3,p1"
campaign_smoke_task0_smoke,33,random,noisy,4,6,35,0,0,0,True,True,True,True,0,"p2,p2,p5,p2,p2,p2,p5,p5,p2,p5,p1,p5,p5,p5,p2,p2,p2,p3,p4,p2,p5,p0,p3,p0,p4,p4,p4,p0,p4,p0,p4,p4,p4,p1,p0"
campaign_smoke_task0_smoke,34,random,adv_bias,3,4,15,1,1,8,True,True,True,True,0,"p2,p1,p0,p2,p2,p2,p3,p0,p0,p3,p3,p0,p0,p1,p1"
campaign_smoke_task0_smoke,35,random,noisy,8,12,102,1,0,0,True,True,True,True,0,"p9,p4,p4,p9,p9,p4,p4,p8,p11,p9,p4,p4,p0,p8,p10,p9,p3,p4,p8,p0,p4,p11,p1,p8,p5,p7,p9,p8,p7,p10,p7,p7,p5,p1,p7,p0,p6,p6,p1,p9,p9,p7,p9,p5,p7,p7,p0,p0,p1,p0,p11,p1,p0,p6,p5,p0,p4,p0,p11,p0,p4,p11,p0,p11,p1,p7,p0,p5,p11,p8,p4,p0,p8,p0,p0,p11,p11,p11,p8,p9,p1,p9,p9,p10,p3,p3,p5,p0,p3,p0,p9,p1,p1,p9,p1,p10,p5,p0,p5,p6,p0,p10"
campaign_smoke_task0_smoke,36,random,near_tie,8,18,58,2,0,0,True,True,True,True,0,"p5,p5,p7,p5,p7,p1,p7,p15,p1,p7,p7,p8,p3,p5,p13,p10,p14,p11,p4,p3,p3,p7,p7,p11,p4,p7,p4,p15,p3,p5,p8,p7,p5,p0,p6,p3,p8,p7,p5,p5,p8,p8,p4,p1,p6,p0,p3,p5,p3,p2,p3,p9,p9,p1,p1,p0,p10,p5"
campaign_smoke_task0_smoke,37,random,near_tie,8,18,83,1,0,0,True,True,True,True,0,"p16,p7,p10,p9,p1,p0,p16,p17,p10,p10,p9,p6,p9,p6,p3,p9,p6,p1,p4,p4,p7,p2,p9,p11,p4,p2,p2,p8,p10,p4,p3,p14,p8,p14,p6,p9,p17,p6,p2,p7,p2,p2,p0,p11,p3,p9,p5,p5,p6,p7,p10,p11,p11,p0,p8,p5,p10,p8,p10,p9,p4,p6,p9,p0,p11,p5,p5,p0,p10,p0,p4,p13,p8,p4,p10,p9,p11,p6,p11,p4,p9,p4,p13"
campaign_smoke_task0_smoke,38,random,adv_bias,6,8,106,13,29,312,False,False,True,False,5,"p3,p3,p3,p4,p3,p4,p3,p5,p1,p1,p4,p1,p5,p4,p7,p7,p1,p5,p6,p5,p7,p0,p7,p7,p3,p1,p2,p6,p6,p6,p4,p5,p0,p0,p4,p3,p3,p0,p7,p3,p6,p2,p0,p0,p3,p2,p3,p6,p3,p4,p3,p3,p3,p0,p0,p6,p0,p3,p4,p4,p0,p2,p3,p5,p1,p1,p4,p4,p5,p3,p4,p4,p4,p1,p3,p1,p5,p4,p4,p1,p4,p4,p0,p4,p0,p5,p0,p4,p5,p4,p1,p4,p0,p1,p6,p0,p3,p1,p1,p5,p6,p7,p4,p2,p2,p1"
campaign_smoke_task0_smoke,39,random,near_tie,4,8,50,0,0,1,True,True,True,True,0,"p7,p7,p6,p4,p4,p5,p7,p6,p4,p1,p2,p3,p7,p4,p5,p3,p5,p2,p3,p4,p5,p2,p5,p4,p7,p0,p0,p0,p2,p7,p0,p0,p0,p2,p0,p0,p2,p7,p6,p5,p2,p7,p3,p3,p4,p0,p0,p0,p0,p3"
campaign_smoke_task0_smoke,40,random,near_tie,5,6,63,0,0,1,True,True,True,True,0,"p3,p2,p2,p3,p2,p3,p2,p2,p1,p3,p2,p2,p5,p4,p0,p1,p2,p5,p4,p2,p4,p3,p5,p3,p2,p5,p4,p1,p3,p0,p1,p1,p1,p1,p4,p0,p1,p4,p1,p1,p0,p1,p1,p5,p4,p5,p1,p4,p0,p2,p4,p3,p1,p1,p1,p0,p0,p3,p1,p2,p0,p5,p5"
campaign_smoke_task0_smoke,41,random,near_tie,8,18,51,1,0,0,True,True,True,True,0,"p2,p2,p15,p2,p5,p7,p11,p9,p9,p15,p3,p4,p15,p6,p2,p8,p15,p12,p7,p2,p2,p0,p0,p7,p10,p7,p7,p0,p12,p7,p10,p1,p10,p1,p14,p7,p3,p0,p7,p11,p4,p13,p6,p3,p0,p3,p10,p7,p7,p3,p13"
campaign_smoke_task0_smoke,42,random,noisy,8,9,65,0,0,0,True,True,True,True,0,"p2,p2,p2,p2,p2,p2,p2,p2,p2,p2,p2,p2,p3,p2,p2,p2,p0,p2,p2,p2,p0,p2,p2,p2,p0,p2,p2,p2,p2,p2,p2,p2,p2,p2,p2,p2,p2,p2,p2,p8,p2,p2,p2,p2,p8,p5,p2,p2,p2,p8,p5,p8,p2,p2,p2,p8,p8,p8,p2,p2,p8,p5,p5,p8,p4"
campaign_smoke_task0_smoke,43,random,noisy,6,10,114,1,0,1,True,True,True,True,0,"p1,p3,p8,p1,p8,p3,p1,p9,p8,p9,p9,p9,p1,p9,p0,p6,p3,p2,p8,p1,p2,p4,p1,p0,p0,p4,p5,p5,p4,p1,p8,p0,p0,p0,p4,p5,p3,p3,p1,p4,p3,p0,p6,p6,p1,p1,p1,p2,p4,p2,p8,p6,p7,p8,p2,p8,p8,p2,p4,p0,p2,p2,p2,p2,p8,p0,p6,p9,p6,p6,p5,p0,p7,p0,p1,p4,p0,p4,p4,p3,p9,p0,p7,p5,p7,p2,p0,p0,p6,p0,p5,p3,p3,p8,p9,p7,p4,p5,p9,p0,p2,p1,p5,p8,p9,p1,p7,p4,p4,p6,p5,p5,p4,p1"
campaign_smoke_task0_smoke,44,random,adv_bias,6,10,99,13,37,255,False,False,True,False,4,"p2,p0,p0,p0,p9,p8,p9,p9,p8,p9,p9,p4,p8,p9,p8,p9,p0,p9,p4,p9,p9,p8,p9,p3,p8,p4,p4,p3,p8,p4,p4,p2,p8,p1,p1,p1,p4,p4,p2,p3,p9,p1,p3,p9,p3,p5,p7,p4,p4,p3,p4,p9,p9,p4,p1,p5,p6,p4,p5,p6,p9,p2,p1,p5,p1,p7,p9,p2,p6,p5,p2,p6,p6,p7,p3,p0,p5,p0,p8,p4,p0,p0,p6,p9,p6,p5,p6,p6,p5,p1,p0,p0,p2,p5,p6,p7,p2,p0,p6"
campaign_smoke_task0_smoke,45,random,near_tie,6,10,60,0,0,0,True,True,True,True,0,"p8,p8,p8,p0,p8,p7,p5,p5,p4,p5,p3,p7,p3,p8,p6,p8,p6,p5,p7,p6,p3,p5,p7,p6,p2,p6,p6,p5,p5,p0,p2,p5,p1,p4,p4,p7,p6,p6,p6,p5,p2,p7,p6,p2,p2,p4,p9,p1,p6,p0,p6,p9,p0,p6,p1,p8,p4,p8,p5,p8"
campaign_smoke_task0_smoke,46,random,adv_bias,3,7,21,4,2,16,False,True,True,False,1,"p0,p5,p5,p6,p6,p0,p5,p5,p4,p6,p6,p5,p5,p0,p4,p5,p5,p4,p6,p5,p3"
campaign_smoke_task0_smoke,47,random,near_tie,6,7,100,0,0,0,True,True,True,True,0,"p2,p2,p2,p2,p5,p2,p5,p4,p6,p3,p2,p5,p2,p6,p0,p2,p3,p2,p6,p4,p6,p3,p3,p5,p6,p2,p6,p6,p6,p3,p5,p1,p5,p6,p1,p5,p5,p2,p2,p6,p2,p2,p2,p5,p2,p2,p6,p2,p2,p2,p2,p2,p2,p2,p2,p2,p2,p2,p2,p5,p2,p3,p2,p2,p6,p6,p3,p2,p2,p2,p2,p5,p6,p6,p0,p4,p0,p6,p6,p6,p5,p1,p5,p6,p6,p4,p4,p4,p6,p1,p2,p5,p3,p6,p5,p5,p5,p5,p5,p4"
campaign_smoke_task0_smoke,48,random,noisy,2,3,18,1,0,2,True,True,True,True,0,"p0,p1,p1,p2,p0,p1,p1,p2,p0,p1,p2,p1,p1,p0,p2,p1,p0,p0"
campaign_smoke_task0_smoke,49,random,adv_bias,4,6,58,12,15,129,False,True,True,False,4,"p2,p4,p0,p1,p1,p1,p2,p3,p2,p4,p1,p4,p5,p1,p5,p5,p1,p5,p1,p5,p5,p2,p3,p1,p4,p2,p5,p0,p3,p1,p3,p0,p2,p0,p5,p4,p2,p2,p5,p5,p3,p1,p2,p3,p0,p0,p5,p3,p2,p0,p3,p2,p5,p3,p2,p4,p1,p2"
campaign_smoke_task0_smoke,50,random,adv_bias,5,9,31,4,8,71,False,False,True,False,3,"p8,p7,p5,p7,p1,p8,p3,p7,p4,p6,p0,p5,p8,p1,p1,p4,p7,p5,p4,p7,p5,p3,p7,p3,p7,p6,p6,p7,p6,p4,p5"
campaign_smoke_task0_smoke,51,random,noisy,3,7,22,0,0,0,True,True,True,True,0,"p6,p6,p6,p4,p2,p5,p2,p6,p6,p6,p5,p5,p0,p1,p2,p4,p5,p1,p5,p1,p4,p3"
campaign_smoke_task0_smoke,52,random,noisy,3,7,42,0,0,2,True,True,True,True,0,"p1,p1,p2,p2,p1,p2,p6,p2,p1,p2,p2,p2,p2,p1,p6,p2,p5,p2,p2,p1,p6,p2,p2,p6,p6,p5,p5,p2,p6,p1,p1,p0,p0,p1,p4,p4,p4,p0,p0,p1,p4,p0"
campaign_smoke_task0_smoke,53,random,near_tie,4,8,60,1,0,0,True,True,True,True,0,"p5,p5,p5,p3,p5,p0,p5,p5,p4,p5,p3,p5,p1,p0,p4,p4,p1,p7,p2,p7,p1,p2,p4,p4,p1,p1,p1,p1,p1,p1,p1,p1,p3,p1,p4,p1,p1,p3,p2,p1,p1,p3,p1,p1,p0,p1,p1,p1,p1,p3,p4,p1,p1,p1,p3,p1,p1,p1,p3,p3"
campaign_smoke_task0_smoke,54,random,adv_bias,4,10,45,1,0,27,True,True,True,True,0,"p2,p2,p2,p7,p2,p2,p7,p0,p2,p2,p7,p7,p2,p4,p7,p7,p4,p7,p7,p7,p7,p4,p7,p4,p7,p7,p7,p0,p5,p4,p3,p4,p4,p3,p4,p4,p3,p4,p4,p4,p4,p3,p4,p4,p3"
campaign_smoke_task0_smoke,55,random,adv_bias,4,8,46,6,9,69,True,True,True,True,0,"p3,p5,p3,p5,p6,p6,p3,p6,p5,p4,p5,p6,p1,p7,p0,p5,p3,p3,p5,p4,p3,p0,p0,p3,p7,p4,p2,p2,p2,p3,p2,p3,p3,p6,p7,p3,p4,p4,p3,p7,p6,p3,p6,p0,p0,p5"
campaign_smoke_task0_smoke,56,random,near_tie,3,5,51,1,0,0,True,True,True,True,0,"p2,p2,p2,p1,p2,p0,p3,p2,p2,p3,p3,p2,p3,p3,p2,p2,p0,p1,p1,p2,p0,p0,p2,p2,p2,p0,p2,p4,p2,p4,p2,p4,p3,p4,p3,p4,p2,p2,p4,p2,p4,p2,p4,p0,p4,p1,p2,p1,p0,p0,p0"
campaign_smoke_task0_smoke,57,random,adv_bias,3,7,16,0,0,0,True,True,True,True,0,"p2,p2,p2,p2,p2,p2,p5,p2,p2,p2,p5,p5,p5,p5,p2,p5"
campaign_smoke_task0_smoke,58,random,noisy,3,5,29,0,0,0,True,True,True,True,0,"p3,p2,p3,p3,p1,p3,p0,p1,p1,p0,p3,p1,p0,p1,p3,p1,p3,p1,p0,p0,p1,p4,p1,p1,p0,p1,p0,p4,p3"
campaign_smoke_task0_smoke,59,random,near_tie,3,4,36,0,0,0,True,True,True,True,0,"p3,p3,p3,p3,p3,p0,p2,p3,p2,p3,p0,p0,p3,p0,p3,p3,p3,p1,p3,p2,p2,p2,p1,p1,p1,p1,p2,p2,p2,p2,p3,p2,p2,p3,p3,p2"
campaign_smoke_task0_smoke,60,random,noisy,6,8,43,0,0,0,True,True,True,True,0,"p0,p6,p0,p6,p6,p2,p1,p6,p1,p6,p5,p4,p6,p6,p6,p1,p1,p3,p3,p6,p6,p6,p5,p3,p6,p3,p5,p4,p5,p1,p5,p6,p3,p6,p1,p4,p6,p4,p4,p0,p0,p6,p6"
campaign_smoke_task0_smoke,61,random,noisy,2,6,32,0,0,1,True,True,True,True,0,"p1,p0,p1,p3,p1,p4,p4,p2,p4,p3,p4,p4,p1,p2,p2,p5,p1,p2,p5,p0,p1,p4,p4,p2,p4,p3,p4,p3,p4,p0,p5,p5"
campaign_smoke_task0_smoke,62,random,noisy,6,14,63,2,0,1,True,True,True,True,0,"p3,p3,p3,p7,p8,p3,p2,p5,p7,p7,p10,p5,p5,p5,p5,p5,p7,p5,p7,p5,p5,p1,p8,p7,p5,p7,p5,p0,p13,p7,p1,p1,p7,p11,p13,p7,p13,p6,p13,p12,p1,p5,p13,p0,p6,p11,p6,p1,p9,p2,p12,p12,p4,p12,p13,p6,p6,p7,p6,p6,p0,p7,p6"
campaign_smoke_task0_smoke,63,random,noisy,4,10,37,0,0,0,True,True,True,True,0,"p6,p2,p2,p2,p6,p2,p2,p6,p6,p6,p2,p2,p6,p0,p2,p1,p0,p6,p6,p2,p8,p1,p1,p0,p6,p0,p0,p3,p5,p6,p5,p0,p0,p0,p5,p2,p6"
campaign_smoke_task0_smoke,64,random,near_tie,3,7,21,0,0,0,True,True,True,True,0,"p5,p5,p5,p5,p5,p0,p0,p0,p0,p0,p0,p2,p3,p1,p2,p0,p0,p2,p3,p0,p2"
campaign_smoke_task0_smoke,65,random,noisy,4,8,28,0,0,0,True,True,True,True,0,"p1,p0,p5,p1,p1,p2,p4,p1,p1,p1,p6,p7,p2,p7,p4,p2,p3,p4,p0,p0,p4,p3,p3,p4,p4,p0,p3,p0"
campaign_smoke_task0_smoke,66,random,noisy,2,6,26,2,0,0,True,True,True,True,0,"p0,p0,p2,p0,p4,p2,p1,p2,p1,p1,p1,p2,p3,p1,p1,p1,p0,p0,p5,p0,p5,p0,p1,p3,p2,p1"
campaign_smoke_task0_smoke,67,random,noisy,2,6,32,0,0,0,True,True,True,True,0,"p5,p5,p4,p4,p0,p4,p4,p0,p0,p4,p2,p2,p2,p4,p2,p2,p2,p2,p5,p0,p0,p2,p2,p2,p3,p2,p1,p3,p1,p3,p1,p0"
campaign_smoke_task0_smoke,68,random,noisy,8,12,86,1,0,0,False,False,True,False,2,"p5,p5,p4,p10,p10,p4,p4,p4,p5,p5,p8,p7,p10,p5,p10,p5,p7,p5,p2,p4,p5,p10,p5,p7,p10,p8,p8,p7,p7,p10,p4,p4,p7,p10,p6,p7,p8,p7,p4,p10,p8,p11,p4,p7,p8,p10,p10,p9,p4,p10,p3,p9,p5,p1,p4,p5,p0,p4,p4,p10,p3,p1,p4,p9,p1,p10,p10,p1,p0,p1,p1,p1,p1,p1,p1,p1,p10,p9,p10,p1,p4,p2,p10,p8,p3,p1"
campaign_smoke_task0_smoke,69,random,adv_bias,4,8,43,0,0,0,True,True,True,True,0,"p2,p2,p2,p2,p2,p2,p2,p2,p2,p2,p2,p2,p2,p2,p2,p2,p2,p2,p2,p2,p2,p2,p2,p2,p2,p2,p2,p2,p2,p2,p2,p2,p2,p2,p2,p6,p2,p2,p6,p2,p6,p6,p4"
campaign_smoke_task0_smoke,70,random,near_tie,6,14,49,0,0,0,True,True,True,True,0,"p7,p7,p7,p11,p7,p0,p7,p6,p7,p6,p0,p7,p7,p6,p0,p7,p5,p8,p4,p0,p4,p7,p7,p4,p7,p7,p7,p7,p7,p7,p7,p4,p4,p4,p7,p7,p4,p4,p5,p7,p4,p5,p4,p1,p4,p7,p0,p0,p1"
campaign_smoke_task0_smoke,71,random,near_tie,2,3,20,0,0,1,True,True,True,True,0,"p1,p1,p0,p0,p0,p2,p1,p0,p1,p2,p2,p1,p2,p2,p2,p0,p0,p0,p0,p0"
campaign_smoke_task0_smoke,72,random,adv_bias,3,8,40,3,1,28,False,False,True,False,2,"p3,p6,p6,p3,p3,p5,p6,p3,p6,p6,p2,p2,p0,p3,p6,p2,p0,p3,p0,p0,p0,p0,p0,p4,p0,p0,p0,p0,p1,p1,p1,p3,p1,p6,p3,p0,p4,p6,p1,p6"
campaign_smoke_task0_smoke,73,random,near_tie,5,9,48,0,0,0,True,True,True,True,0,"p2,p2,p2,p2,p2,p2,p2,p2,p2,p1,p2,p2,p2,p2,p2,p4,p5,p8,p5,p8,p2,p3,p8,p4,p8,p2,p2,p5,p8,p2,p3,p2,p2,p2,p8,p2,p2,p2,p3,p2,p2,p2,p2,p2,p2,p2,p6,p2"
campaign_smoke_task0_smoke,74,random,near_tie,8,10,77,0,0,0,True,True,True,True,0,"p8,p3,p5,p2,p2,p9,p0,p7,p7,p7,p0,p1,p7,p0,p4,p8,p0,p4,p0,p1,p8,p0,p2,p1,p0,p6,p1,p8,p9,p2,p6,p3,p9,p8,p6,p1,p9,p9,p6,p9,p3,p3,p3,p6,p2,p9,p3,p3,p6,p1,p7,p4,p8,p8,p8,p7,p8,p6,p6,p2,p8,p8,p6,p4,p0,p7,p0,p7,p8,p4,p5,p2,p4,p6,p7,p0,p4"
campaign_smoke_task0_smoke,75,random,noisy,2,4,27,0,0,0,True,True,True,True,0,"p2,p2,p2,p2,p2,p2,p2,p0,p0,p2,p2,p0,p0,p0,p2,p2,p0,p1,p2,p0,p2,p3,p2,p0,p2,p2,p0"
campaign_smoke_task0_smoke,76,random,adv_bias,8,18,87,18,64,397,False,False,True,False,3,"p6,p1,p4,p8,p15,p3,p15,p5,p4,p9,p12,p3,p6,p3,p3,p3,p2,p7,p4,p8,p3,p9,p3,p15,p3,p12,p3,p5,p1,p1,p1,p10,p3,p3,p9,p17,p4,p4,p1,p8,p12,p5,p17,p1,p8,p5,p15,p11,p4,p4,p7,p1,p12,p12,p7,p10,p12,p0,p7,p0,p4,p15,p4,p11,p9,p9,p11,p10,p11,p1,p11,p10,p10,p6,p6,p5,p15,p15,p4,p5,p11,p17,p4,p6,p5,p6,p14"
campaign_smoke_task0_smoke,77,random,near_tie,6,8,93,0,0,0,True,True,True,True,0,"p0,p0,p5,p0,p0,p2,p4,p7,p3,p0,p0,p5,p0,p0,p3,p0,p7,p4,p0,p3,p3,p0,p7,p6,p1,p0,p0,p4,p7,p1,p0,p0,p4,p5,p7,p7,p1,p4,p1,p4,p1,p3,p7,p1,p4,p1,p1,p7,p4,p4,p5,p6,p0,p6,p1,p4,p4,p6,p4,p7,p4,p4,p0,p7,p7,p2,p7,p6,p7,p2,p4,p3,p4,p7,p2,p6,p4,p7,p5,p2,p1,p2,p7,p3,p7,p7,p5,p5,p5,p7,p5,p5,p5"
campaign_smoke_task0_smoke,78,random,noisy,2,6,21,0,0,0,True,True,True,True,0,"p3,p4,p3,p4,p5,p5,p3,p5,p5,p5,p3,p3,p3,p4,p3,p2,p3,p2,p1,p2,p4"
campaign_smoke_task0_smoke,79,random,near_tie,4,5,35,0,0,0,True,True,True,True,0,"p3,p3,p3,p1,p3,p3,p3,p3,p3,p3,p1,p3,p3,p3,p3,p1,p3,p3,p3,p3,p3,p3,p3,p1,p3,p3,p3,p3,p1,p3,p4,p3,p3,p3,p3"
campaign_smoke_task0_smoke,80,random,noisy,4,10,78,1,0,3,True,True,True,True,0,"p3,p1,p1,p1,p6,p3,p0,p1,p4,p1,p6,p3,p5,p1,p2,p6,p1,p5,p1,p3,p2,p2,p1,p1,p1,p0,p1,p9,p3,p1,p1,p1,p1,p4,p1,p6,p7,p3,p8,p1,p3,p4,p6,p4,p2,p3,p7,p2,p2,p2,p6,p2,p3,p3,p3,p4,p3,p7,p7,p5,p2,p8,p2,p2,p1,p1,p6,p0,p2,p5,p1,p3,p1,p4,p6,p1,p8,p4"
campaign_smoke_task0_smoke,81,random,adv_bias,4,10,64,11,10,126,False,False,True,False,4,"p1,p1,p8,p1,p2,p1,p5,p7,p2,p1,p8,p7,p2,p5,p8,p7,p0,p0,p7,p2,p1,p7,p0,p0,p0,p7,p9,p0,p3,p7,p0,p7,p1,p7,p2,p5,p5,p7,p5,p1,p4,p7,p5,p7,p5,p7,p6,p7,p5,p7,p1,p2,p6,p6,p2,p5,p5,p0,p6,p7,p2,p5,p3,p2"
campaign_smoke_task0_smoke,82,random,noisy,2,6,38,2,0,0,True,True,True,True,0,"p3,p3,p3,p3,p3,p3,p3,p3,p2,p2,p0,p5,p5,p1,p5,p5,p1,p4,p5,p2,p2,p2,p2,p2,p2,p2,p2,p1,p2,p2,p2,p2,p1,p1,p2,p2,p2,p1"
campaign_smoke_task0_smoke,83,random,adv_bias,8,18,67,9,15,174,True,True,True,True,0,"p8,p8,p8,p8,p8,p15,p15,p11,p8,p8,p2,p17,p12,p17,p11,p2,p8,p8,p17,p1,p9,p12,p15,p11,p1,p11,p12,p8,p15,p8,p3,p10,p8,p11,p11,p11,p5,p8,p16,p11,p12,p15,p8,p12,p12,p8,p5,p5,p16,p8,p5,p7,p17,p16,p8,p8,p17,p9,p12,p4,p16,p8,p8,p9,p4,p8,p7"
campaign_smoke_task0_smoke,84,random,adv_bias,3,5,40,0,0,0,True,True,True,True,0,"p4,p0,p4,p0,p4,p4,p0,p4,p4,p4,p4,p4,p0,p4,p4,p4,p0,p4,p4,p0,p4,p4,p4,p4,p4,p4,p4,p4,p4,p4,p4,p4,p4,p4,p4,p4,p4,p4,p4,p3"
campaign_smoke_task0_smoke,85,random,noisy,3,7,55,1,0,0,True,True,True,True,0,"p1,p3,p3,p3,p3,p0,p1,p3,p5,p1,p3,p3,p5,p3,p5,p5,p5,p3,p5,p3,p3,p3,p3,p5,p3,p3,p2,p3,p3,p3,p6,p3,p6,p3,p2,p6,p6,p3,p3,p6,p2,p2,p2,p6,p3,p6,p6,p6,p6,p6,p4,p5,p6,p6,p6"
campaign_smoke_task0_smoke,86,random,noisy,8,10,153,2,0,2,True,True,True,True,0,"p1,p3,p3,p7,p9,p0,p6,p9,p3,p7,p2,p2,p5,p3,p8,p6,p4,p5,p3,p1,p3,p8,p7,p3,p5,p7,p3,p7,p0,p5,p3,p6,p5,p3,p4,p0,p0,p4,p0,p3,p3,p7,p9,p3,p6,p5,p9,p6,p5,p3,p9,p3,p3,p5,p7,p9,p3,p3,p3,p2,p5,p3,p3,p2,p5,p3,p5,p7,p3,p3,p5,p4,p3,p4,p4,p7,p3,p4,p6,p4,p4,p4,p4,p4,p6,p5,p0,p4,p4,p5,p6,p9,p4,p4,p6,p0,p0,p0,p8,p6,p8,p5,p0,p4,p4,p4,p0,p0,p3,p5,p0,p4,p6,p7,p6,p5,p9,p8,p2,p4,p7,p9,p8,p8,p9,p5,p5,p3,p9,p4,p2,p9,p8,p2,p7,p7,p6,p7,p3,p5,p5,p2,p6,p8,p8,p6,p2,p9,p8,p8,p8,p9,p5"
campaign_smoke_task0_smoke,87,random,noisy,5,12,48,1,0,0,True,True,True,True,0,"p1,p8,p8,p8,p0,p0,p8,p1,p0,p8,p8,p0,p0,p0,p6,p7,p5,p5,p11,p2,p2,p0,p6,p7,p2,p7,p3,p7,p7,p7,p4,p10,p7,p4,p4,p4,p7,p7,p5,p7,p0,p4,p4,p5,p7,p7,p1,p7"
campaign_smoke_task0_smoke,88,random,noisy,3,8,50,0,0,2,True,True,True,True,0,"p0,p3,p3,p3,p0,p7,p3,p3,p6,p2,p0,p1,p1,p1,p1,p1,p1,p1,p2,p3,p0,p3,p3,p0,p1,p1,p0,p4,p2,p0,p0,p2,p7,p4,p0,p2,p0,p4,p2,p2,p6,p2,p2,p2,p6,p6,p5,p1,p2,p1"
campaign_smoke_task0_smoke,89,random,adv_bias,5,9,88,18,32,250,False,False,True,False,6,"p8,p8,p2,p8,p5,p6,p7,p6,p5,p5,p2,p7,p5,p8,p4,p2,p7,p6,p2,p5,p2,p8,p5,p6,p2,p6,p2,p4,p8,p4,p5,p3,p8,p3,p7,p0,p3,p0,p0,p8,p1,p5,p3,p1,p0,p8,p6,p4,p6,p4,p8,p7,p8,p3,p2,p4,p2,p4,p3,p0,p8,p4,p0,p0,p6,p7,p4,p0,p5,p1,p8,p3,p7,p0,p2,p8,p4,p6,p2,p8,p2,p3,p0,p0,p2,p4,p0,p0"
campaign_smoke_task0_smoke,90,random,noisy,6,10,32,0,0,0,True,True,True,True,0,"p2,p6,p3,p2,p9,p9,p9,p8,p3,p2,p7,p9,p8,p9,p3,p2,p8,p9,p3,p3,p2,p9,p3,p8,p8,p7,p2,p8,p6,p3,p5,p8"
campaign_smoke_task0_smoke,91,random,near_tie,8,18,142,2,0,0,False,False,True,False,2,"p16,p16,p16,p16,p16,p16,p9,p16,p16,p16,p16,p2,p16,p10,p5,p16,p10,p16,p16,p16,p14,p14,p7,p16,p4,p16,p16,p8,p4,p1,p16,p1,p16,p4,p11,p7,p6,p6,p1,p13,p2,p3,p13,p4,p1,p7,p16,p17,p4,p1,p4,p6,p1,p4,p16,p1,p16,p4,p16,p17,p16,p7,p16,p2,p6,p8,p10,p4,p4,p4,p16,p17,p16,p10,p7,p11,p4,p5,p5,p11,p4,p10,p17,p7,p8,p15,p11,p16,p10,p7,p15,p7,p7,p15,p7,p7,p16,p7,p16,p12,p13,p15,p9,p7,p9,p16,p13,p13,p7,p4,p9,p12,p3,p9,p16,p15,p9,p13,p13,p16,p4,p2,p13,p9,p14,p14,p16,p14,p3,p0,p14,p12,p13,p14,p14,p2,p0,p16,p0,p13,p2,p0"
campaign_smoke_task0_smoke,92,random,noisy,2,3,23,0,0,1,True,True,True,True,0,"p1,p1,p0,p1,p2,p2,p0,p0,p2,p1,p0,p0,p1,p2,p1,p0,p1,p2,p0,p1,p2,p0,p0"
campaign_smoke_task0_smoke,93,random,noisy,2,3,19,0,0,0,True,True,True,True,0,"p2,p2,p0,p2,p2,p2,p1,p2,p2,p2,p2,p1,p0,p2,p2,p1,p2,p1,p2"
campaign_smoke_task0_smoke,94,random,noisy,8,12,154,0,0,2,True,True,True,True,0,"p9,p10,p4,p9,p10,p1,p7,p4,p7,p0,p6,p6,p8,p1,p6,p8,p9,p0,p7,p1,p1,p5,p4,p11,p3,p7,p6,p1,p6,p4,p0,p1,p10,p1,p9,p4,p0,p1,p10,p9,p6,p6,p3,p11,p1,p9,p4,p7,p2,p9,p0,p7,p9,p7,p9,p9,p1,p5,p11,p9,p3,p2,p9,p8,p8,p5,p11,p7,p10,p8,p9,p0,p7,p6,p1,p4,p2,p2,p9,p4,p0,p10,p1,p9,p7,p4,p0,p10,p9,p4,p10,p5,p10,p6,p4,p4,p3,p4,p10,p7,p2,p8,p11,p0,p10,p4,p3,p4,p8,p4,p4,p4,p4,p4,p4,p1,p9,p7,p7,p4,p1,p4,p4,p7,p8,p7,p4,p6,p4,p1,p7,p0,p6,p0,p1,p6,p6,p6,p9,p4,p5,p10,p4,p8,p6,p10,p6,p0,p6,p9,p1,p10,p10,p6"
campaign_smoke_task0_smoke,95,random,near_tie,4,6,21,0,0,0,True,True,True,True,0,"p3,p3,p3,p3,p3,p0,p3,p3,p3,p3,p0,p0,p3,p3,p0,p3,p3,p3,p0,p4,p0"
campaign_smoke_task0_smoke,96,random,noisy,2,4,18,0,0,0,True,True,True,True,0,"p2,p2,p1,p0,p1,p0,p0,p0,p2,p0,p2,p0,p0,p0,p0,p0,p0,p3"
campaign_smoke_task0_smoke,97,random,near_tie,5,7,99,0,0,0,True,True,True,True,0,"p0,p0,p0,p0,p0,p0,p0,p4,p0,p0,p0,p0,p0,p0,p0,p0,p0,p0,p0,p0,p0,p0,p0,p0,p0,p0,p1,p0,p0,p0,p0,p0,p2,p0,p2,p0,p2,p0,p0,p0,p0,p0,p0,p0,p0,p2,p0,p0,p0,p0,p0,p0,p0,p1,p4,p0,p1,p1,p1,p1,p0,p1,p1,p0,p1,p0,p4,p0,p3,p1,p1,p2,p0,p1,p3,p3,p2,p1,p3,p3,p3,p1,p1,p1,p3,p1,p1,p1,p4,p1,p3,p3,p1,p3,p1,p1,p3,p3,p4"
campaign_smoke_task0_smoke,98,random,adv_bias,4,6,69,11,13,100,False,False,True,False,3,"p0,p0,p0,p0,p0,p0,p3,p0,p5,p2,p5,p2,p2,p2,p1,p2,p2,p0,p1,p2,p0,p2,p0,p1,p3,p5,p0,p2,p0,p0,p3,p2,p0,p1,p1,p5,p5,p5,p3,p3,p5,p4,p2,p3,p5,p2,p3,p2,p3,p4,p4,p2,p1,p3,p3,p3,p3,p2,p2,p2,p3,p3,p0,p3,p3,p3,p5,p2,p3"
campaign_smoke_task0_smoke,99,random,adv_bias,6,10,69,0,0,0,True,True,True,True,0,"p9,p9,p5,p5,p5,p9,p9,p9,p9,p7,p7,p5,p5,p7,p9,p7,p5,p5,p7,p9,p7,p9,p7,p5,p5,p9,p6,p9,p9,p5,p9,p9,p1,p9,p1,p3,p5,p9,p6,p9,p1,p5,p3,p1,p6,p9,p3,p3,p1,p3,p1,p1,p1,p1,p1,p1,p1,p1,p1,p1,p3,p1,p1,p1,p1,p1,p1,p1,p1"
campaign_smoke_task0_smoke,100,random,near_tie,5,6,84,0,0,0,True,True,True,True,0,"p5,p5,p5,p5,p5,p5,p4,p5,p5,p5,p2,p0,p3,p0,p5,p3,p3,p2,p3,p2,p0,p0,p5,p3,p0,p3,p3,p1,p2,p2,p1,p5,p1,p2,p1,p2,p1,p0,p5,p1,p1,p1,p3,p3,p3,p4,p1,p5,p3,p4,p3,p5,p3,p3,p3,p2,p4,p5,p5,p0,p4,p3,p5,p2,p1,p4,p3,p0,p0,p2,p2,p2,p3,p0,p2,p0,p0,p0,p0,p2,p0,p0,p0,p2"
campaign_smoke_task0_smoke,101,random,near_tie,6,14,112,1,0,0,False,False,True,False,2,"p6,p6,p6,p6,p4,p6,p6,p6,p6,p4,p4,p6,p6,p6,p2,p6,p6,p2,p6,p10,p4,p2,p6,p6,p1,p6,p2,p11,p2,p4,p6,p6,p4,p1,p4,p6,p1,p4,p4,p6,p0,p4,p6,p4,p9,p4,p4,p1,p4,p4,p4,p0,p5,p1,p1,p4,p9,p4,p4,p1,p4,p1,p9,p4,p4,p1,p1,p1,p4,p4,p3,p4,p1,p4,p1,p1,p4,p1,p1,p0,p4,p1,p4,p0,p1,p1,p4,p4,p4,p1,p1,p4,p1,p4,p1,p4,p4,p1,p4,p8,p4,p8,p3,p1,p4,p4,p4,p4,p6,p6,p6,p8"
campaign_smoke_task0_smoke,102,random,near_tie,4,10,52,2,0,0,True,True,True,True,0,"p2,p2,p1,p2,p6,p1,p3,p1,p6,p6,p6,p3,p6,p5,p0,p5,p6,p3,p5,p0,p1,p5,p0,p5,p1,p5,p5,p4,p2,p2,p5,p6,p1,p5,p3,p2,p2,p7,p7,p3,p1,p3,p2,p2,p2,p7,p1,p3,p7,p7,p2,p2"
campaign_smoke_task0_smoke,103,random,near_tie,8,12,110,0,0,0,True,True,True,True,0,"p0,p0,p0,p0,p4,p0,p0,p0,p0,p0,p0,p0,p0,p4,p0,p0,p0,p0,p0,p0,p0,p0,p4,p5,p0,p0,p0,p0,p4,p4,p4,p0,p0,p0,p0,p0,p0,p0,p4,p0,p0,p0,p0,p4,p4,p0,p0,p0,p0,p0,p4,p0,p4,p0,p0,p0,p11,p0,p4,p0,p4,p0,p2,p0,p4,p0,p0,p4,p2,p0,p4,p0,p0,p0,p2,p0,p0,p4,p0,p2,p11,p0,p11,p0,p11,p0,p11,p4,p0,p0,p4,p4,p0,p0,p11,p0,p0,p4,p11,p6,p11,p4,p0,p4,p4,p6,p11,p4,p4,p3"
campaign_smoke_task0_smoke,104,random,near_tie,5,9,47,0,0,0,True,True,True,True,0,"p2,p2,p2,p3,p8,p8,p4,p3,p8,p4,p3,p8,p3,p0,p8,p8,p3,p3,p0,p1,p0,p1,p4,p0,p4,p3,p1,p0,p3,p0,p7,p0,p0,p3,p0,p0,p7,p7,p0,p3,p0,p8,p0,p0,p8,p8,p7"
campaign_smoke_task0_smoke,105,random,noisy,5,6,39,0,0,0,True,True,True,True,0,"p1,p1,p1,p1,p1,p1,p1,p1,p1,p3,p1,p1,p5,p3,p5,p5,p3,p0,p5,p5,p5,p1,p5,p2,p5,p5,p4,p0,p4,p5,p4,p5,p4,p5,p1,p4,p4,p0,p3"
campaign_smoke_task0_smoke,106,random,noisy,6,7,44,0,0,1,True,True,True,True,0,"p2,p5,p3,p1,p6,p3,p0,p6,p0,p5,p2,p0,p1,p6,p1,p3,p3,p0,p4,p5,p3,p2,p2,p4,p0,p5,p3,p4,p4,p0,p6,p4,p4,p0,p1,p5,p0,p3,p6,p6,p1,p2,p4,p4"
campaign_smoke_task0_smoke,107,random,noisy,6,7,44,0,0,0,True,True,True,True,0,"p6,p6,p6,p6,p6,p6,p6,p6,p6,p6,p6,p6,p6,p6,p6,p6,p3,p6,p6,p6,p6,p6,p6,p6,p0,p0,p0,p6,p0,p6,p6,p6,p1,p2,p6,p1,p6,p0,p6,p6,p6,p1,p1,p6"
campaign_smoke_task0_smoke,108,random,adv_bias,3,7,44,4,3,48,False,True,True,False,1,"p0,p0,p2,p1,p0,p0,p6,p1,p6,p1,p1,p1,p1,p3,p4,p1,p0,p3,p3,p1,p0,p3,p0,p1,p4,p1,p3,p4,p4,p4,p5,p5,p5,p4,p5,p5,p5,p0,p5,p2,p6,p3,p2,p3"
campaign_smoke_task0_smoke,109,random,near_tie,4,8,74,0,0,1,True,True,True,True,0,"p1,p1,p1,p3,p0,p1,p4,p2,p1,p4,p1,p3,p3,p1,p2,p2,p4,p7,p1,p2,p6,p1,p3,p6,p4,p2,p5,p1,p7,p4,p0,p7,p4,p7,p1,p2,p1,p2,p5,p1,p2,p1,p6,p6,p1,p1,p3,p1,p5,p1,p1,p1,p5,p4,p1,p6,p5,p5,p1,p1,p5,p5,p1,p2,p2,p3,p2,p0,p2,p1,p6,p3,p3,p5"
campaign_smoke_task0_smoke,110,random,noisy,4,5,64,0,0,2,True,True,True,True,0,"p3,p3,p3,p2,p1,p1,p3,p3,p4,p1,p1,p3,p3,p3,p0,p4,p4,p3,p1,p4,p1,p4,p1,p0,p3,p0,p1,p1,p1,p0,p0,p1,p0,p3,p1,p0,p0,p4,p1,p1,p4,p2,p4,p0,p4,p3,p1,p0,p3,p4,p1,p2,p1,p0,p3,p0,p4,p2,p3,p4,p2,p2,p1,p2"
campaign_smoke_task0_smoke,111,random,near_tie,3,8,35,2,0,0,True,True,True,True,0,"p5,p5,p5,p5,p5,p5,p5,p4,p5,p2,p5,p1,p0,p4,p0,p0,p0,p1,p4,p4,p2,p1,p4,p4,p4,p4,p5,p4,p0,p4,p4,p5,p4,p4,p2"
campaign_smoke_task0_smoke,112,random,noisy,2,6,33,0,0,1,True,True,True,True,0,"p3,p3,p3,p0,p3,p1,p5,p0,p0,p2,p5,p2,p2,p3,p3,p0,p4,p0,p0,p0,p3,p0,p4,p3,p3,p3,p3,p3,p5,p5,p5,p5,p3"
campaign_smoke_task0_smoke,113,random,adv_bias,4,5,65,7,8,102,False,True,True,False,1,"p1,p3,p1,p4,p1,p1,p1,p1,p1,p1,p1,p4,p0,p2,p2,p0,p2,p0,p3,p0,p0,p3,p0,p0,p1,p2,p0,p0,p1,p0,p3,p0,p0,p2,p4,p1,p4,p0,p3,p3,p0,p3,p4,p2,p0,p0,p2,p4,p0,p2,p4,p3,p4,p2,p1,p1,p0,p4,p0,p4,p0,p0,p3,p4,p0"
campaign_smoke_task0_smoke,114,random,noisy,4,6,44,1,0,0,True,True,True,True,0,"p1,p1,p2,p0,p0,p5,p5,p5,p5,p2,p2,p1,p3,p0,p2,p2,p5,p5,p3,p0,p0,p4,p1,p0,p2,p5,p1,p0,p5,p4,p3,p0,p1,p2,p0,p4,p3,p4,p5,p5,p5,p0,p4,p0"
campaign_smoke_task0_smoke,115,random,adv_bias,8,9,118,11,28,462,False,True,True,False,2,"p4,p7,p4,p1,p0,p0,p7,p5,p5,p5,p4,p3,p8,p0,p3,p2,p0,p3,p7,p2,p6,p0,p2,p5,p4,p2,p2,p4,p7,p7,p0,p6,p4,p2,p6,p4,p3,p3,p7,p4,p6,p3,p3,p3,p7,p5,p8,p7,p1,p5,p3,p0,p3,p0,p2,p0,p5,p0,p2,p4,p6,p4,p1,p5,p4,p1,p5,p1,p6,p4,p4,p4,p8,p0,p4,p0,p4,p6,p0,p6,p4,p8,p5,p3,p0,p6,p6,p8,p8,p0,p8,p0,p0,p5,p8,p0,p2,p8,p0,p1,p2,p7,p7,p5,p1,p0,p2,p0,p8,p8,p8,p7,p2,p0,p2,p2,p2,p8"
campaign_smoke_task0_smoke,116,random,noisy,3,5,27,1,0,0,True,True,True,True,0,"p2,p2,p2,p2,p4,p2,p2,p3,p2,p0,p1,p4,p4,p0,p0,p1,p1,p1,p1,p0,p0,p1,p0,p0,p0,p1,p0"
campaign_smoke_task0_smoke,117,random,near_tie,5,6,89,0,0,1,True,True,True,True,0,"p0,p0,p0,p2,p0,p2,p3,p0,p5,p2,p3,p2,p3,p2,p4,p2,p2,p3,p4,p3,p0,p3,p2,p5,p2,p5,p2,p3,p3,p2,p3,p3,p3,p2,p3,p3,p3,p2,p0,p3,p2,p2,p3,p3,p4,p3,p1,p2,p4,p2,p4,p4,p1,p4,p4,p2,p2,p5,p5,p2,p5,p2,p2,p1,p0,p5,p3,p3,p4,p2,p5,p4,p1,p0,p3,p0,p1,p1,p4,p4,p1,p2,p0,p0,p3,p0,p3,p0,p2"
campaign_smoke_task0_smoke,118,random,noisy,6,8,50,0,0,0,True,True,True,True,0,"p5,p2,p2,p0,p5,p0,p0,p0,p2,p5,p0,p0,p3,p5,p0,p5,p0,p0,p2,p5,p5,p5,p5,p3,p2,p5,p2,p5,p2,p5,p5,p5,p2,p2,p2,p2,p2,p2,p0,p2,p1,p5,p7,p2,p2,p2,p0,p2,p2,p6"
campaign_smoke_task0_smoke,119,random,near_tie,6,10,96,1,0,1,False,False,True,False,2,"p6,p3,p6,p7,p6,p7,p8,p0,p6,p7,p9,p3,p9,p6,p8,p6,p7,p0,p7,p8,p6,p8,p9,p0,p4,p6,p4,p9,p7,p0,p4,p8,p8,p1,p5,p3,p9,p5,p7,p2,p6,p5,p7,p9,p9,p5,p1,p7,p5,p5,p4,p6,p0,p1,p7,p9,p9,p6,p6,p9,p5,p8,p9,p6,p0,p9,p9,p1,p8,p5,p9,p5,p4,p0,p8,p0,p9,p4,p8,p0,p4,p1,p8,p4,p2,p6,p3,p7,p4,p4,p2,p1,p6,p3,p6,p0"
campaign_smoke_task0_smoke,120,random,noisy,2,6,22,0,0,0,True,True,True,True,0,"p1,p2,p2,p2,p2,p2,p2,p2,p5,p2,p2,p5,p2,p0,p5,p1,p2,p4,p5,p5,p5,p5"
campaign_smoke_task0_smoke,121,random,noisy,8,12,90,0,0,1,True,True,True,True,0,"p4,p3,p4,p3,p7,p3,p3,p4,p4,p3,p10,p3,p6,p8,p2,p3,p1,p11,p10,p11,p3,p3,p10,p1,p10,p7,p5,p6,p1,p6,p4,p6,p3,p10,p7,p1,p4,p4,p3,p1,p9,p10,p8,p7,p3,p1,p7,p8,p9,p8,p4,p4,p6,p7,p7,p8,p8,p4,p3,p8,p1,p11,p3,p4,p10,p2,p6,p10,p7,p0,p11,p8,p4,p0,p3,p1,p10,p11,p11,p3,p10,p9,p9,p0,p10,p2,p10,p3,p3,p8"
campaign_smoke_task0_smoke,122,random,near_tie,4,5,71,0,0,0,True,True,True,True,0,"p1,p1,p3,p3,p0,p2,p4,p0,p2,p2,p0,p2,p4,p2,p0,p1,p1,p2,p1,p1,p3,p1,p3,p1,p3,p4,p2,p2,p4,p2,p3,p0,p0,p2,p2,p2,p3,p2,p2,p3,p0,p3,p0,p4,p3,p3,p4,p2,p0,p1,p2,p1,p3,p2,p4,p2,p2,p2,p2,p2,p4,p0,p4,p1,p4,p4,p3,p3,p0,p4,p3"
campaign_smoke_task0_smoke,123,random,near_tie,6,14,92,1,0,0,True,True,True,True,0,"p9,p7,p5,p7,p4,p6,p2,p5,p5,p4,p4,p9,p2,p2,p5,p6,p8,p2,p12,p2,p10,p6,p0,p9,p2,p6,p6,p6,p2,p11,p9,p9,p6,p10,p9,p6,p0,p4,p2,p12,p4,p2,p1,p5,p10,p13,p1,p4,p13,p6,p3,p1,p12,p8,p6,p2,p8,p8,p13,p0,p10,p6,p6,p12,p0,p0,p2,p7,p7,p10,p5,p6,p5,p4,p7,p13,p0,p10,p9,p13,p9,p3,p2,p9,p3,p7,p3,p9,p5,p0,p2,p1"
campaign_smoke_task0_smoke,124,random,adv_bias,6,8,116,11,25,347,False,True,True,False,1,"p7,p5,p3,p5,p3,p7,p5,p5,p3,p4,p5,p4,p7,p7,p7,p1,p4,p5,p7,p7,p1,p5,p0,p7,p4,p7,p4,p0,p5,p5,p5,p6,p4,p3,p4,p7,p4,p1,p5,p6,p4,p6,p7,p3,p4,p4,p2,p4,p4,p0,p6,p0,p6,p3,p1,p6,p4,p1,p1,p6,p4,p4,p1,p1,p1,p3,p2,p4,p1,p5,p6,p1,p5,p6,p1,p4,p1,p1,p6,p1,p0,p6,p1,p1,p0,p0,p2,p4,p1,p6,p2,p0,p1,p5,p0,p0,p5,p0,p5,p2,p5,p0,p5,p4,p5,p5,p4,p5,p5,p1,p2,p4,p5,p1,p4,p5"
campaign_smoke_task0_smoke,125,random,adv_bias,2,6,30,5,0,14,True,True,True,True,0,"p5,p5,p2,p4,p5,p5,p3,p1,p2,p2,p3,p3,p1,p4,p5,p3,p3,p0,p5,p5,p5,p5,p4,p4,p2,p3,p4,p2,p2,p4"
campaign_smoke_task0_smoke,126,random,adv_bias,6,14,42,3,4,47,False,True,True,False,1,"p6,p2,p4,p2,p6,p6,p6,p6,p6,p7,p6,p9,p9,p1,p4,p4,p2,p9,p4,p4,p13,p4,p6,p1,p1,p9,p4,p13,p6,p13,p4,p6,p4,p4,p13,p6,p5,p5,p5,p3,p3,p8"
campaign_smoke_task0_smoke,127,random,adv_bias,6,14,97,17,46,353,False,False,True,False,5,"p9,p4,p4,p9,p0,p0,p9,p2,p9,p7,p9,p10,p6,p4,p2,p9,p9,p8,p8,p9,p9,p4,p4,p5,p1,p8,p0,p1,p11,p0,p8,p4,p5,p2,p5,p0,p9,p2,p0,p8,p9,p8,p4,p1,p7,p5,p9,p2,p5,p1,p4,p9,p7,p5,p5,p1,p9,p1,p4,p9,p8,p4,p8,p1,p11,p1,p9,p10,p8,p6,p3,p1,p8,p2,p0,p1,p7,p0,p6,p6,p2,p5,p9,p0,p2,p10,p3,p10,p0,p5,p3,p3,p1,p5,p7,p3,p4"
campaign_smoke_task0_smoke,128,random,adv_bias,4,5,54,6,6,79,True,True,True,True,0,"p3,p1,p1,p0,p1,p0,p2,p0,p1,p0,p4,p3,p2,p2,p2,p2,p1,p2,p4,p2,p4,p2,p1,p0,p1,p4,p1,p1,p4,p0,p1,p0,p0,p1,p3,p1,p3,p4,p0,p2,p4,p3,p3,p2,p2,p1,p1,p4,p1,p1,p2,p2,p4,p1"
campaign_smoke_task0_smoke,129,random,near_tie,3,5,59,0,0,2,True,True,True,True,0,"p1,p3,p4,p4,p2,p3,p1,p4,p4,p4,p3,p3,p0,p0,p4,p2,p0,p0,p2,p0,p1,p3,p0,p0,p4,p1,p3,p4,p4,p0,p4,p1,p0,p4,p4,p0,p4,p4,p0,p4,p4,p4,p3,p1,p1,p4,p0,p4,p3,p3,p0,p2,p4,p2,p2,p2,p2,p0,p3"
campaign_smoke_task0_smoke,130,random,noisy,5,9,51,0,0,1,True,True,True,True,0,"p6,p6,p6,p6,p1,p1,p0,p4,p6,p1,p6,p3,p6,p6,p6,p3,p6,p6,p3,p5,p6,p6,p3,p6,p6,p6,p6,p3,p2,p5,p6,p4,p6,p6,p0,p1,p2,p6,p1,p7,p4,p4,p6,p4,p5,p7,p4,p5,p2,p5,p0"
campaign_smoke_task0_smoke,131,random,near_tie,3,5,15,0,0,0,True,True,True,True,0,"p3,p3,p3,p3,p3,p4,p4,p3,p4,p4,p4,p0,p0,p1,p1"
campaign_smoke_task0_smoke,132,random,adv_bias,5,6,54,2,3,23,True,True,True,True,0,"p2,p2,p2,p2,p2,p2,p2,p2,p2,p5,p2,p2,p2,p2,p3,p3,p2,p1,p2,p5,p2,p1,p2,p1,p3,p5,p5,p5,p2,p2,p2,p2,p1,p4,p4,p2,p1,p4,p2,p1,p4,p4,p1,p4,p0,p4,p4,p1,p1,p4,p0,p4,p1,p0"
campaign_smoke_task0_smoke,133,random,near_tie,3,8,50,1,0,0,True,True,True,True,0,"p0,p0,p7,p0,p7,p7,p2,p6,p7,p1,p7,p5,p5,p1,p6,p5,p5,p6,p5,p5,p5,p6,p5,p5,p5,p5,p1,p5,p5,p5,p4,p1,p1,p1,p6,p3,p1,p6,p1,p3,p2,p3,p6,p1,p2,p2,p6,p1,p2,p1"
campaign_smoke_task0_smoke,134,random,near_tie,8,12,90,1,0,0,True,True,True,True,0,"p5,p5,p5,p5,p5,p5,p3,p3,p5,p5,p3,p5,p10,p3,p9,p5,p5,p3,p8,p5,p5,p5,p5,p3,p5,p5,p2,p5,p3,p9,p1,p10,p5,p0,p5,p0,p2,p0,p0,p0,p0,p2,p10,p5,p0,p9,p10,p0,p5,p0,p9,p0,p0,p2,p9,p3,p3,p5,p8,p5,p9,p0,p2,p2,p2,p7,p3,p2,p1,p2,p9,p3,p1,p11,p8,p2,p4,p2,p11,p7,p2,p2,p2,p11,p1,p4,p10,p2,p2,p4"
campaign_smoke_task0_smoke,135,random,adv_bias,5,6,37,3,5,71,False,True,True,False,1,"p1,p5,p4,p5,p5,p5,p5,p3,p0,p1,p2,p0,p4,p5,p3,p5,p2,p0,p2,p1,p4,p0,p4,p1,p0,p4,p0,p0,p1,p1,p5,p3,p4,p0,p4,p3,p4"
campaign_smoke_task0_smoke,136,random,noisy,2,6,25,0,0,1,True,True,True,True,0,"p1,p1,p1,p4,p4,p1,p1,p1,p1,p3,p1,p1,p3,p4,p1,p4,p1,p1,p4,p1,p3,p1,p0,p3,p1"
campaign_smoke_task0_smoke,137,random,noisy,5,7,92,1,0,1,True,True,True,True,0,"p2,p2,p2,p4,p1,p3,p2,p5,p2,p5,p6,p2,p4,p0,p5,p6,p5,p5,p6,p0,p6,p6,p2,p2,p6,p5,p4,p4,p5,p3,p3,p0,p2,p2,p3,p2,p4,p4,p2,p1,p2,p3,p4,p2,p2,p4,p1,p5,p6,p5,p4,p4,p6,p5,p3,p2,p2,p3,p1,p2,p4,p2,p2,p3,p3,p3,p0,p0,p4,p5,p3,p4,p3,p0,p3,p3,p3,p5,p3,p3,p5,p5,p3,p3,p3,p6,p3,p2,p3,p5,p1,p0"
campaign_smoke_task0_smoke,138,random,adv_bias,5,7,35,6,10,61,False,True,True,False,1,"p5,p2,p5,p5,p6,p2,p4,p0,p2,p5,p6,p4,p0,p3,p2,p6,p3,p3,p0,p3,p3,p1,p4,p3,p3,p2,p0,p6,p4,p4,p2,p0,p2,p5,p3"
campaign_smoke_task0_smoke,139,random,near_tie,4,8,59,0,0,0,True,True,True,True,0,"p0,p0,p0,p0,p0,p0,p0,p0,p0,p0,p0,p0,p0,p1,p0,p0,p0,p0,p0,p0,p1,p1,p0,p0,p1,p0,p6,p0,p0,p3,p1,p6,p6,p6,p6,p0,p6,p6,p6,p6,p6,p0,p0,p6,p6,p6,p6,p6,p2,p0,p0,p0,p6,p6,p6,p6,p0,p6,p6"
campaign_smoke_task0_smoke,140,random,adv_bias,2,3,12,1,0,3,True,True,True,True,0,"p1,p1,p1,p0,p0,p0,p0,p2,p0,p2,p0,p0"
campaign_smoke_task0_smoke,141,random,adv_bias,2,3,36,0,0,10,True,True,True,True,0,"p1,p1,p1,p1,p1,p1,p0,p1,p1,p0,p0,p1,p1,p1,p1,p1,p2,p1,p1,p2,p1,p1,p2,p1,p1,p1,p2,p2,p2,p2,p2,p1,p2,p1,p1,p2"
campaign_smoke_task0_smoke,142,random,near_tie,6,14,80,1,0,2,True,True,True,True,0,"p7,p0,p10,p7,p7,p10,p5,p5,p10,p5,p2,p5,p7,p2,p2,p6,p6,p1,p8,p8,p6,p5,p11,p6,p7,p8,p2,p2,p6,p8,p8,p2,p8,p9,p9,p6,p8,p9,p1,p1,p1,p6,p8,p9,p2,p8,p8,p1,p4,p4,p4,p1,p1,p5,p3,p3,p1,p8,p11,p2,p9,p4,p3,p10,p11,p11,p4,p1,p11,p2,p1,p2,p1,p2,p3,p1,p1,p11,p2,p2"
campaign_smoke_task0_smoke,143,random,near_tie,8,9,71,0,0,0,True,True,True,True,0,"p3,p3,p3,p3,p5,p3,p7,p7,p3,p3,p5,p3,p3,p3,p3,p0,p3,p8,p3,p5,p3,p3,p1,p7,p3,p1,p1,p0,p4,p4,p5,p1,p6,p3,p6,p4,p4,p2,p4,p7,p2,p4,p4,p0,p4,p4,p4,p3,p7,p3,p7,p5,p3,p7,p4,p7,p4,p7,p3,p1,p7,p3,p7,p1,p2,p7,p7,p7,p4,p6,p6"
campaign_smoke_task0_smoke,144,random,near_tie,2,3,37,0,0,0,True,True,True,True,0,"p0,p0,p0,p0,p1,p0,p0,p0,p0,p0,p0,p0,p0,p0,p0,p0,p0,p0,p0,p0,p1,p0,p0,p0,p0,p0,p0,p2,p0,p0,p2,p2,p2,p2,p2,p2,p2"
campaign_smoke_task0_smoke,145,random,near_tie,2,3,14,0,0,0,True,True,True,True,0,"p1,p1,p1,p1,p1,p1,p1,p1,p1,p1,p1,p1,p1,p1"
campaign_smoke_task0_smoke,146,random,adv_bias,3,4,38,5,2,32,False,True,True,False,1,"p3,p3,p3,p0,p0,p0,p2,p2,p2,p2,p0,p0,p1,p3,p3,p2,p1,p3,p0,p3,p3,p1,p2,p1,p2,p1,p2,p0,p0,p1,p0,p0,p0,p1,p2,p3,p2,p2"
campaign_smoke_task0_smoke,147,random,adv_bias,4,5,20,0,0,0,True,True,True,True,0,"p0,p0,p4,p4,p4,p2,p2,p2,p4,p3,p2,p2,p2,p0,p0,p3,p0,p2,p2,p2"
campaign_smoke_task0_smoke,148,random,adv_bias,4,5,31,0,0,0,True,True,True,True,0,"p4,p4,p4,p4,p4,p4,p4,p3,p4,p4,p3,p4,p3,p3,p4,p3,p3,p3,p3,p3,p4,p4,p3,p4,p0,p4,p4,p3,p4,p4,p4"
campaign_smoke_task0_smoke,149,random,noisy,6,7,56,0,0,0,True,True,True,True,0,"p2,p5,p4,p5,p4,p4,p4,p5,p4,p4,p5,p4,p4,p4,p1,p4,p4,p4,p4,p4,p4,p6,p4,p6,p6,p4,p4,p4,p2,p2,p6,p4,p4,p1,p4,p6,p4,p1,p4,p4,p4,p0,p6,p4,p4,p1,p4,p6,p6,p4,p5,p4,p5,p6,p4,p3"
campaign_smoke_task0_smoke,150,random,noisy,8,18,41,1,0,0,True,True,True,True,0,"p13,p9,p7,p5,p1,p1,p13,p5,p10,p16,p1,p7,p1,p9,p2,p16,p2,p7,p5,p7,p1,p2,p0,p15,p9,p3,p3,p16,p3,p17,p7,p7,p5,p7,p16,p7,p15,p2,p16,p8,p5"
campaign_smoke_task0_smoke,151,random,noisy,2,4,34,0,0,1,True,True,True,True,0,"p1,p1,p2,p2,p1,p1,p1,p1,p1,p1,p1,p1,p1,p1,p1,p1,p2,p1,p2,p1,p1,p2,p1,p0,p1,p2,p1,p1,p3,p3,p3,p1,p3,p3"
campaign_smoke_task0_smoke,152,random,adv_bias,4,5,76,10,11,150,False,True,True,False,2,"p3,p3,p3,p1,p1,p4,p3,p2,p0,p3,p2,p3,p2,p4,p0,p0,p3,p3,p2,p3,p2,p0,p1,p2,p2,p2,p0,p2,p0,p0,p4,p2,p2,p2,p0,p1,p2,p4,p3,p0,p2,p0,p1,p4,p2,p4,p0,p1,p0,p0,p1,p2,p1,p0,p4,p0,p3,p1,p2,p0,p1,p3,p1,p3,p3,p2,p0,p2,p3,p2,p0,p2,p3,p0,p1,p0"
campaign_smoke_task0_smoke,153,random,noisy,4,6,37,0,0,0,True,True,True,True,0,"p2,p3,p3,p1,p2,p0,p0,p3,p2,p2,p5,p2,p2,p2,p5,p3,p4,p0,p2,p5,p2,p4,p0,p2,p3,p5,p2,p5,p1,p5,p5,p0,p2,p5,p3,p2,p2"
campaign_smoke_task0_smoke,154,random,near_tie,4,8,60,0,0,0,True,True,True,True,0,"p5,p3,p4,p5,p0,p5,p5,p5,p5,p1,p4,p5,p5,p1,p7,p1,p5,p5,p5,p5,p3,p7,p1,p2,p7,p3,p2,p6,p1,p0,p5,p7,p2,p1,p5,p4,p3,p2,p3,p3,p4,p1,p3,p2,p2,p1,p4,p6,p7,p2,p4,p7,p3,p4,p7,p2,p2,p7,p4,p3"
campaign_smoke_task0_smoke,155,random,near_tie,5,12,30,0,0,0,True,True,True,True,0,"p2,p2,p0,p0,p1,p2,p4,p5,p6,p6,p2,p8,p2,p0,p1,p4,p4,p3,p6,p0,p0,p6,p1,p6,p7,p7,p2,p11,p8,p1"
campaign_smoke_task0_smoke,156,random,adv_bias,2,6,20,3,0,7,False,False,True,False,2,"p3,p2,p5,p3,p2,p1,p1,p4,p2,p4,p4,p4,p4,p4,p0,p0,p2,p4,p4,p0"
campaign_smoke_task0_smoke,157,random,adv_bias,4,8,74,9,11,128,True,True,True,True,0,"p2,p5,p2,p7,p2,p2,p2,p1,p2,p4,p4,p2,p2,p4,p3,p3,p6,p3,p3,p2,p3,p3,p3,p1,p3,p3,p3,p7,p4,p2,p7,p3,p7,p7,p4,p7,p7,p2,p0,p2,p7,p2,p7,p7,p2,p2,p3,p2,p7,p0,p2,p2,p2,p7,p5,p2,p7,p3,p5,p5,p7,p2,p7,p7,p7,p6,p1,p1,p5,p7,p5,p1,p3,p1"
campaign_smoke_task0_smoke,158,random,adv_bias,6,10,72,2,4,74,True,True,True,True,0,"p2,p2,p2,p2,p2,p3,p2,p4,p2,p2,p2,p2,p2,p2,p2,p2,p4,p2,p2,p2,p6,p2,p2,p2,p2,p2,p2,p2,p2,p2,p2,p2,p2,p2,p1,p2,p0,p1,p2,p1,p1,p1,p1,p0,p2,p0,p0,p2,p9,p0,p2,p2,p1,p8,p0,p2,p2,p8,p0,p0,p9,p2,p8,p8,p9,p2,p0,p2,p8,p8,p8,p8"
campaign_smoke_task0_smoke,159,random,adv_bias,8,12,145,10,36,376,False,True,True,False,2,"p7,p7,p7,p7,p7,p7,p7,p7,p7,p7,p5,p7,p5,p7,p11,p11,p11,p7,p11,p7,p11,p11,p7,p2,p11,p11,p11,p2,p8,p7,p4,p10,p11,p10,p7,p1,p7,p7,p2,p11,p10,p1,p1,p11,p1,p2,p1,p1,p1,p1,p7,p1,p5,p11,p5,p5,p1,p1,p1,p1,p5,p1,p1,p1,p7,p1,p5,p7,p9,p1,p11,p0,p7,p7,p0,p1,p1,p1,p1,p0,p11,p3,p6,p1,p1,p3,p0,p11,p1,p1,p1,p11,p11,p5,p0,p3,p1,p7,p4,p1,p4,p7,p7,p10,p11,p1,p1,p8,p7,p2,p2,p1,p1,p8,p1,p11,p7,p2,p5,p3,p1,p1,p1,p5,p11,p1,p1,p2,p1,p11,p1,p11,p1,p1,p11,p11,p11,p1,p10,p11,p1,p7,p11,p11,p1"
campaign_smoke_task0_smoke,160,random,adv_bias,4,6,57,2,1,50,True,True,True,True,0,"p3,p3,p3,p3,p3,p0,p3,p0,p3,p3,p3,p2,p0,p3,p0,p3,p5,p0,p3,p1,p3,p3,p5,p3,p0,p3,p3,p1,p0,p0,p0,p3,p0,p0,p0,p0,p0,p0,p0,p0,p3,p0,p0,p0,p0,p1,p0,p1,p0,p0,p5,p0,p1,p5,p2,p0,p2"
campaign_smoke_task0_smoke,161,random,adv_bias,6,7,102,3,8,75,False,True,True,False,1,"p5,p5,p5,p5,p3,p5,p5,p5,p0,p5,p6,p5,p5,p6,p5,p4,p2,p2,p3,p0,p5,p6,p5,p6,p0,p3,p5,p3,p3,p0,p5,p6,p6,p3,p4,p6,p5,p3,p4,p6,p5,p4,p0,p5,p4,p4,p4,p4,p5,p6,p0,p6,p0,p4,p0,p0,p0,p5,p5,p0,p0,p3,p4,p0,p5,p4,p5,p5,p0,p5,p3,p5,p0,p4,p0,p2,p5,p0,p2,p4,p1,p5,p4,p5,p4,p4,p5,p2,p0,p4,p5,p6,p5,p5,p2,p0,p4,p4,p4,p4,p5,p5"
campaign_smoke_task0_smoke,162,random,near_tie,6,7,106,0,0,0,True,True,True,True,0,"p3,p4,p5,p1,p0,p0,p4,p1,p5,p1,p3,p2,p5,p0,p0,p5,p5,p3,p1,p3,p5,p3,p5,p3,p6,p6,p5,p1,p3,p5,p1,p5,p5,p6,p3,p6,p6,p5,p5,p6,p6,p3,p1,p5,p6,p5,p5,p5,p0,p6,p0,p1,p1,p2,p5,p1,p3,p1,p5,p6,p5,p6,p2,p3,p0,p3,p0,p5,p6,p1,p6,p1,p3,p3,p5,p6,p6,p3,p5,p6,p3,p6,p6,p1,p6,p6,p5,p6,p6,p6,p4,p4,p4,p6,p5,p4,p3,p6,p0,p3,p2,p3,p6,p5,p2,p5"
campaign_smoke_task0_smoke,163,random,adv_bias,5,12,74,11,14,162,True,True,True,True,0,"p1,p2,p7,p0,p1,p0,p1,p10,p1,p3,p1,p3,p0,p0,p1,p1,p3,p3,p1,p1,p3,p1,p1,p5,p3,p2,p3,p9,p7,p7,p7,p3,p3,p7,p6,p3,p7,p7,p7,p7,p7,p3,p8,p1,p3,p1,p7,p7,p9,p5,p3,p4,p3,p8,p2,p5,p5,p7,p6,p3,p5,p2,p5,p3,p6,p4,p6,p5,p0,p5,p5,p5,p3,p5"
campaign_smoke_task0_smoke,164,random,near_tie,6,14,30,0,0,0,True,True,True,True,0,"p1,p1,p1,p1,p1,p1,p0,p1,p1,p1,p0,p10,p1,p1,p1,p4,p1,p1,p1,p0,p1,p1,p5,p4,p6,p0,p1,p0,p1,p4"
campaign_smoke_task0_smoke,165,random,noisy,2,3,35,0,0,0,True,True,True,True,0,"p1,p2,p2,p1,p1,p2,p1,p2,p1,p2,p2,p1,p2,p1,p0,p1,p1,p1,p1,p1,p0,p0,p0,p0,p0,p1,p1,p0,p1,p1,p1,p0,p0,p1,p1"
campaign_smoke_task0_smoke,166,random,near_tie,3,5,41,0,0,0,True,True,True,True,0,"p4,p4,p2,p0,p4,p0,p2,p1,p0,p2,p2,p1,p3,p2,p0,p1,p2,p2,p2,p2,p0,p2,p2,p1,p3,p1,p2,p1,p3,p1,p3,p2,p3,p1,p1,p3,p2,p2,p3,p1,p4"
campaign_smoke_task0_smoke,167,random,near_tie,5,12,68,2,0,0,False,False,True,False,2,"p7,p4,p5,p7,p8,p7,p7,p3,p9,p2,p5,p2,p3,p7,p6,p6,p2,p10,p2,p6,p6,p6,p6,p7,p2,p8,p4,p5,p6,p4,p1,p1,p4,p4,p5,p6,p11,p11,p6,p11,p8,p5,p8,p4,p11,p3,p11,p5,p4,p0,p4,p3,p6,p2,p6,p3,p0,p7,p6,p1,p7,p8,p8,p2,p2,p6,p7,p2"
campaign_smoke_task0_smoke,168,random,adv_bias,5,7,72,12,25,165,False,True,True,False,3,"p0,p5,p0,p2,p4,p4,p5,p2,p4,p2,p3,p3,p2,p1,p4,p4,p2,p4,p1,p6,p3,p5,p2,p1,p2,p2,p5,p2,p6,p6,p3,p5,p2,p1,p4,p4,p6,p2,p3,p0,p1,p6,p1,p2,p1,p0,p0,p3,p2,p0,p0,p2,p2,p3,p4,p4,p6,p0,p2,p3,p6,p3,p1,p4,p0,p1,p5,p3,p1,p1,p1,p5"
campaign_smoke_task0_smoke,169,random,near_tie,2,3,21,0,0,0,True,True,True,True,0,"p1,p2,p1,p1,p1,p2,p1,p2,p0,p2,p2,p0,p1,p2,p1,p0,p2,p0,p2,p0,p1"
campaign_smoke_task0_smoke,170,random,near_tie,5,7,64,1,0,0,True,True,True,True,0,"p1,p0,p1,p4,p0,p0,p0,p6,p0,p0,p5,p0,p0,p0,p4,p0,p6,p0,p0,p5,p4,p1,p0,p6,p3,p0,p0,p4,p5,p3,p3,p3,p1,p3,p3,p4,p3,p1,p1,p0,p0,p1,p0,p2,p4,p4,p4,p6,p1,p1,p4,p1,p4,p5,p5,p4,p4,p2,p6,p6,p6,p1,p5,p5"
campaign_smoke_task0_smoke,171,random,near_tie,3,4,41,0,0,0,True,True,True,True,0,"p1,p3,p3,p3,p1,p3,p1,p1,p1,p2,p2,p2,p1,p3,p2,p1,p0,p2,p1,p3,p1,p2,p0,p0,p2,p2,p1,p2,p3,p2,p2,p1,p1,p1,p2,p0,p2,p1,p2,p1,p2"
campaign_smoke_task0_smoke,172,random,near_tie,5,7,26,1,0,0,True,True,True,True,0,"p5,p1,p6,p4,p5,p6,p6,p6,p2,p6,p2,p5,p3,p6,p6,p2,p2,p2,p0,p0,p2,p2,p0,p0,p0,p0"
campaign_smoke_task0_smoke,173,random,near_tie,8,9,123,0,0,0,True,True,True,True,0,"p1,p3,p3,p3,p3,p8,p2,p3,p3,p5,p5,p5,p3,p0,p1,p5,p8,p0,p6,p1,p3,p6,p3,p3,p6,p1,p0,p2,p5,p1,p4,p5,p0,p7,p6,p1,p2,p6,p0,p8,p1,p2,p3,p6,p1,p1,p6,p0,p3,p2,p8,p6,p4,p3,p1,p1,p0,p8,p8,p4,p1,p2,p0,p6,p1,p1,p4,p2,p8,p5,p6,p4,p8,p1,p8,p2,p3,p7,p1,p4,p2,p8,p7,p6,p4,p6,p2,p7,p1,p3,p3,p3,p7,p4,p5,p1,p3,p1,p3,p4,p2,p8,p3,p5,p3,p3,p5,p2,p5,p8,p2,p3,p2,p8,p2,p8,p0,p1,p5,p0,p0,p7,p0"
campaign_smoke_task0_smoke,174,random,near_tie,6,14,113,2,0,0,True,True,True,True,0,"p5,p0,p0,p0,p0,p5,p0,p5,p0,p0,p0,p0,p12,p3,p12,p0,p9,p8,p0,p11,p0,p9,p0,p3,p12,p8,p12,p13,p3,p8,p11,p13,p3,p3,p3,p9,p3,p9,p13,p13,p13,p13,p6,p5,p13,p0,p7,p5,p13,p13,p8,p9,p13,p12,p1,p13,p13,p10,p8,p5,p5,p9,p8,p5,p10,p10,p5,p9,p5,p2,p5,p10,p10,p5,p5,p10,p9,p5,p2,p10,p5,p10,p10,p12,p1,p5,p10,p12,p10,p5,p12,p12,p1,p10,p10,p1,p0,p10,p10,p4,p1,p1,p6,p10,p10,p0,p12,p12,p0,p1,p1,p12,p12"
campaign_smoke_task0_smoke,175,random,near_tie,2,6,10,0,0,0,True,True,True,True,0,"p0,p0,p0,p0,p0,p0,p0,p0,p0,p0"
campaign_smoke_task0_smoke,176,random,adv_bias,3,5,52,7,4,51,False,False,True,False,3,"p0,p0,p4,p0,p2,p2,p4,p4,p0,p4,p0,p0,p1,p1,p0,p3,p2,p2,p4,p3,p4,p3,p1,p1,p0,p4,p0,p3,p1,p4,p1,p4,p1,p1,p0,p0,p1,p2,p0,p0,p2,p3,p3,p3,p2,p1,p3,p2,p2,p2,p2,p2"
campaign_smoke_task0_smoke,177,random,noisy,5,12,48,0,0,0,True,True,True,True,0,"p6,p11,p11,p2,p2,p2,p0,p2,p11,p2,p1,p6,p0,p0,p2,p8,p0,p9,p0,p4,p1,p6,p3,p2,p3,p8,p5,p8,p5,p6,p2,p3,p3,p1,p3,p6,p5,p1,p4,p5,p7,p6,p7,p6,p7,p4,p6,p4"
campaign_smoke_task0_smoke,178,random,near_tie,3,4,60,0,0,1,True,True,True,True,0,"p3,p3,p3,p3,p3,p1,p2,p2,p3,p1,p2,p2,p2,p2,p2,p1,p2,p1,p2,p2,p0,p0,p2,p2,p2,p2,p3,p2,p2,p2,p0,p3,p3,p0,p2,p2,p1,p3,p1,p0,p2,p2,p1,p2,p1,p2,p0,p0,p0,p0,p0,p0,p0,p2,p0,p2,p2,p0,p3,p2"
campaign_smoke_task0_smoke,179,random,adv_bias,4,10,28,1,2,9,True,True,True,True,0,"p0,p0,p0,p0,p0,p0,p0,p4,p0,p0,p8,p6,p0,p6,p8,p8,p8,p8,p8,p6,p6,p8,p1,p7,p0,p8,p8,p6"
campaign_smoke_task0_smoke,180,random,noisy,6,7,76,0,0,3,True,True,True,True,0,"p6,p5,p5,p5,p2,p6,p2,p3,p4,p5,p2,p5,p4,p5,p5,p3,p2,p6,p6,p3,p0,p6,p6,p3,p4,p3,p5,p1,p6,p4,p5,p5,p5,p6,p3,p3,p0,p5,p6,p3,p0,p3,p5,p4,p5,p5,p6,p2,p3,p5,p3,p3,p3,p5,p5,p1,p6,p4,p0,p1,p2,p0,p4,p0,p4,p6,p4,p2,p0,p2,p1,p0,p0,p0,p0,p2"
campaign_smoke_task0_smoke,181,random,noisy,3,7,25,0,0,1,True,True,True,True,0,"p6,p6,p1,p6,p6,p6,p6,p1,p6,p3,p6,p6,p6,p3,p6,p5,p1,p6,p1,p1,p1,p1,p1,p3,p1"
campaign_smoke_task0_smoke,182,random,adv_bias,6,8,110,21,46,339,False,False,True,False,8,"p2,p3,p1,p6,p5,p1,p2,p6,p1,p2,p7,p1,p1,p1,p1,p4,p1,p6,p1,p0,p7,p0,p4,p1,p1,p0,p5,p2,p6,p0,p1,p3,p5,p5,p7,p2,p1,p5,p0,p1,p6,p6,p0,p5,p4,p4,p6,p6,p5,p0,p7,p6,p0,p0,p2,p2,p0,p6,p0,p4,p0,p1,p5,p5,p2,p5,p5,p5,p3,p4,p5,p0,p6,p6,p0,p6,p7,p3,p0,p3,p3,p1,p4,p2,p7,p7,p5,p7,p0,p1,p2,p6,p0,p4,p0,p0,p0,p0,p5,p0,p6,p5,p3,p3,p2,p3,p1,p7,p7,p5"
campaign_smoke_task0_smoke,183,random,adv_bias,4,8,67,11,13,148,False,True,True,False,2,"p1,p3,p5,p2,p2,p0,p0,p1,p5,p1,p4,p1,p4,p0,p1,p5,p1,p6,p4,p1,p1,p3,p0,p2,p0,p1,p7,p3,p2,p1,p7,p7,p2,p4,p2,p2,p3,p7,p2,p4,p2,p6,p3,p6,p7,p6,p6,p2,p2,p6,p6,p7,p5,p4,p3,p6,p4,p7,p3,p5,p2,p1,p6,p3,p7,p3,p1"
campaign_smoke_task0_smoke,184,random,adv_bias,8,12,121,22,91,660,False,True,True,False,2,"p7,p0,p3,p8,p6,p3,p7,p4,p2,p11,p7,p10,p6,p9,p3,p10,p9,p2,p10,p11,p9,p1,p6,p9,p11,p2,p5,p9,p7,p11,p8,p6,p3,p3,p9,p8,p5,p7,p7,p5,p7,p6,p5,p2,p5,p4,p9,p4,p5,p6,p11,p7,p4,p9,p7,p8,p1,p7,p8,p5,p4,p7,p9,p11,p9,p3,p10,p4,p1,p6,p8,p8,p11,p11,p7,p6,p10,p11,p0,p5,p3,p8,p11,p9,p4,p1,p6,p10,p9,p6,p8,p1,p5,p10,p8,p5,p7,p8,p8,p4,p11,p9,p1,p11,p7,p8,p9,p7,p11,p4,p4,p4,p4,p1,p4,p4,p7,p7,p9,p10,p3"
campaign_smoke_task0_smoke,185,random,noisy,3,8,21,0,0,3,True,True,True,True,0,"p2,p4,p4,p2,p2,p1,p0,p1,p4,p5,p2,p6,p4,p1,p1,p0,p1,p2,p1,p0,p6"
campaign_smoke_task0_smoke,186,random,adv_bias,3,8,22,4,3,26,True,True,True,True,0,"p4,p2,p0,p5,p5,p1,p5,p1,p5,p5,p3,p2,p5,p1,p4,p3,p5,p2,p1,p3,p5,p2"
campaign_smoke_task0_smoke,187,random,near_tie,6,8,35,1,0,0,True,True,True,True,0,"p4,p4,p4,p0,p4,p4,p6,p6,p7,p7,p4,p7,p7,p4,p5,p4,p2,p7,p6,p3,p4,p6,p7,p7,p2,p2,p6,p1,p7,p3,p6,p3,p7,p3,p6"
campaign_smoke_task0_smoke,188,random,adv_bias,4,6,36,3,3,20,True,True,True,True,0,"p0,p0,p0,p5,p3,p1,p1,p0,p0,p0,p1,p5,p1,p1,p1,p1,p1,p1,p5,p1,p5,p5,p1,p1,p1,p0,p4,p1,p1,p0,p5,p1,p4,p3,p4,p5"
campaign_smoke_task0_smoke,189,random,near_tie,2,4,25,1,0,0,True,True,True,True,0,"p3,p0,p3,p0,p0,p3,p3,p3,p3,p3,p3,p3,p3,p3,p3,p3,p3,p3,p2,p1,p1,p2,p2,p1,p2"
campaign_smoke_task0_smoke,190,random,noisy,5,7,76,0,0,0,True,True,True,True,0,"p1,p1,p1,p1,p1,p1,p1,p1,p1,p1,p1,p1,p1,p3,p2,p1,p1,p1,p4,p2,p1,p6,p3,p1,p1,p2,p1,p3,p0,p6,p6,p1,p2,p0,p1,p2,p2,p3,p2,p0,p2,p2,p1,p4,p2,p0,p2,p2,p0,p2,p0,p4,p0,p2,p3,p6,p2,p4,p2,p4,p2,p3,p2,p2,p2,p2,p4,p2,p2,p4,p4,p2,p4,p4,p2,p2"
campaign_smoke_task0_smoke,191,random,near_tie,2,6,38,1,0,0,True,True,True,True,0,"p1,p1,p1,p4,p1,p0,p4,p0,p2,p1,p1,p2,p2,p0,p0,p2,p2,p0,p0,p0,p0,p0,p0,p4,p0,p0,p5,p0,p5,p5,p1,p5,p4,p5,p1,p1,p5,p5"
campaign_smoke_task0_smoke,192,random,noisy,5,9,86,1,1,1,True,True,True,True,0,"p1,p1,p1,p0,p1,p1,p6,p6,p1,p4,p4,p0,p0,p6,p6,p0,p0,p6,p6,p0,p0,p1,p7,p0,p0,p6,p0,p0,p6,p0,p8,p6,p8,p5,p8,p6,p6,p6,p5,p8,p8,p6,p0,p6,p4,p7,p6,p2,p8,p8,p7,p0,p3,p7,p7,p6,p4,p8,p8,p3,p7,p7,p4,p5,p4,p7,p7,p8,p5,p7,p7,p7,p5,p4,p1,p1,p7,p1,p5,p7,p1,p1,p5,p5,p1,p0"
campaign_smoke_task0_smoke,193,random,noisy,4,6,29,2,0,1,True,True,True,True,0,"p4,p4,p4,p4,p4,p2,p4,p1,p4,p2,p4,p4,p3,p1,p4,p2,p0,p5,p2,p5,p1,p0,p1,p0,p4,p3,p5,p3,p5"
campaign_smoke_task0_smoke,194,random,noisy,3,4,18,0,0,0,True,True,True,True,0,"p1,p1,p1,p2,p1,p1,p1,p0,p1,p2,p1,p1,p3,p1,p1,p3,p1,p1"
campaign_smoke_task0_smoke,195,random,adv_bias,8,10,143,20,70,740,False,True,True,False,8,"p8,p8,p0,p6,p8,p6,p8,p3,p3,p7,p5,p0,p0,p8,p3,p6,p1,p1,p2,p7,p9,p6,p9,p4,p3,p2,p6,p9,p6,p3,p0,p9,p4,p7,p3,p1,p8,p1,p6,p7,p4,p3,p9,p7,p6,p6,p3,p6,p0,p6,p4,p6,p3,p7,p5,p8,p6,p9,p9,p4,p2,p8,p5,p9,p9,p2,p7,p9,p0,p0,p9,p2,p2,p9,p8,p6,p9,p9,p0,p5,p7,p3,p7,p0,p1,p3,p5,p8,p0,p5,p0,p9,p8,p9,p1,p0,p8,p2,p4,p8,p7,p2,p9,p1,p2,p8,p7,p4,p4,p0,p2,p2,p4,p1,p7,p1,p8,p9,p8,p2,p9,p8,p1,p4,p2,p6,p9,p2,p4,p8,p8,p1,p2,p2,p3,p2,p9,p5,p0,p5,p4,p2,p7"
campaign_smoke_task0_smoke,196,random,adv_bias,4,5,55,4,5,54,True,True,True,True,0,"p2,p2,p2,p2,p3,p3,p3,p3,p3,p3,p2,p3,p2,p3,p3,p3,p3,p3,p1,p3,p1,p0,p3,p0,p0,p2,p0,p4,p0,p1,p4,p2,p2,p2,p2,p2,p4,p1,p2,p4,p0,p2,p4,p1,p4,p2,p3,p4,p1,p2,p1,p3,p4,p0,p0"
campaign_smoke_task0_smoke,197,random,adv_bias,8,12,83,0,0,0,True,True,True,True,0,"p8,p8,p8,p8,p8,p8,p7,p4,p8,p4,p4,p4,p8,p8,p8,p8,p8,p7,p4,p8,p2,p7,p8,p2,p8,p8,p8,p8,p7,p4,p8,p8,p4,p8,p10,p2,p8,p8,p4,p4,p9,p10,p11,p10,p4,p4,p7,p2,p4,p7,p10,p2,p10,p2,p4,p0,p2,p11,p4,p2,p11,p2,p2,p7,p4,p0,p4,p2,p11,p4,p2,p11,p11,p2,p2,p11,p11,p11,p11,p11,p11,p5,p5"
campaign_smoke_task0_smoke,198,random,near_tie,4,10,31,1,0,1,True,True,True,True,0,"p5,p3,p0,p7,p8,p6,p3,p8,p8,p2,p8,p8,p7,p6,p5,p6,p2,p9,p5,p9,p4,p1,p9,p3,p7,p8,p1,p3,p6,p7,p8"
campaign_smoke_task0_smoke,199,random,adv_bias,5,6,95,4,6,121,True,True,True,True,0,"p1,p5,p5,p5,p4,p1,p4,p4,p4,p5,p5,p5,p0,p4,p5,p0,p0,p2,p4,p0,p5,p0,p2,p2,p5,p0,p5,p5,p2,p1,p5,p1,p2,p5,p2,p5,p2,p2,p5,p4,p5,p3,p2,p2,p2,p2,p2,p3,p3,p2,p3,p2,p5,p2,p3,p1,p1,p5,p5,p2,p5,p3,p5,p1,p5,p5,p3,p5,p5,p2,p3,p0,p1,p5,p5,p1,p3,p3,p2,p1,p0,p2,p5,p2,p2,p0,p2,p1,p2,p1,p5,p4,p3,p3,p3"
campaign_smoke_task0_smoke,200,random,adv_bias,4,6,24,0,0,0,True,True,True,True,0,"p4,p2,p5,p4,p0,p2,p4,p4,p4,p4,p4,p4,p4,p4,p5,p4,p4,p4,p4,p4,p4,p4,p2,p2"
campaign_smoke_task0_smoke,201,random,adv_bias,8,18,130,10,27,395,False,True,True,False,1,"p0,p0,p9,p7,p0,p7,p0,p7,p9,p0,p0,p7,p7,p10,p0,p0,p0,p9,p5,p0,p0,p4,p0,p0,p0,p0,p0,p0,p0,p0,p4,p5,p0,p0,p4,p4,p9,p0,p0,p0,p0,p0,p7,p0,p0,p5,p0,p0,p5,p9,p1,p0,p1,p3,p1,p11,p1,p0,p8,p11,p5,p3,p1,p1,p11,p4,p3,p11,p5,p0,p1,p7,p0,p0,p0,p1,p3,p0,p4,p1,p2,p7,p3,p2,p1,p1,p1,p4,p1,p0,p0,p1,p9,p4,p2,p4,p7,p1,p0,p9,p1,p1,p1,p13,p7,p4,p1,p4,p3,p3,p9,p4,p1,p4,p4,p9,p2,p11,p4,p4,p4,p1,p17,p11,p4,p4,p11,p4,p5,p11"
campaign_smoke_task0_smoke,202,random,noisy,2,6,30,0,0,1,True,True,True,True,0,"p3,p0,p0,p3,p0,p0,p0,p0,p0,p0,p3,p2,p0,p3,p0,p3,p0,p0,p3,p3,p3,p3,p3,p5,p3,p5,p3,p1,p4,p0"
campaign_smoke_task0_smoke,203,random,adv_bias,6,14,119,17,48,364,False,False,True,False,5,"p4,p4,p4,p4,p4,p4,p9,p0,p4,p4,p0,p4,p5,p0,p4,p4,p4,p4,p5,p5,p4,p0,p5,p11,p1,p9,p10,p1,p10,p3,p11,p13,p11,p9,p1,p1,p4,p1,p1,p10,p11,p4,p9,p0,p1,p5,p4,p1,p4,p11,p2,p7,p0,p11,p3,p12,p3,p8,p8,p2,p8,p0,p8,p4,p3,p8,p0,p8,p1,p1,p7,p2,p13,p7,p4,p7,p2,p8,p8,p5,p1,p1,p1,p12,p5,p8,p5,p12,p5,p5,p2,p1,p5,p5,p3,p2,p5,p5,p5,p13,p6,p13,p4,p8,p4,p2,p2,p5,p1,p10,p6,p5,p2,p6,p2,p12,p3,p9,p5"
campaign_smoke_task0_smoke,204,random,noisy,5,9,47,1,0,2,True,True,True,True,0,"p0,p7,p0,p1,p8,p7,p5,p1,p5,p3,p3,p2,p5,p8,p0,p5,p5,p3,p2,p2,p1,p8,p7,p3,p5,p2,p7,p5,p3,p5,p1,p3,p0,p0,p8,p1,p0,p5,p7,p0,p3,p2,p2,p7,p1,p1,p7"
campaign_smoke_task0_smoke,205,random,noisy,8,10,66,0,0,0,True,True,True,True,0,"p4,p4,p4,p4,p4,p4,p4,p4,p9,p4,p7,p4,p4,p6,p6,p4,p6,p0,p4,p8,p6,p4,p6,p5,p3,p6,p4,p9,p6,p4,p4,p4,p6,p2,p9,p3,p4,p4,p3,p6,p8,p2,p2,p4,p6,p1,p0,p9,p3,p2,p9,p4,p7,p9,p9,p0,p3,p3,p0,p9,p9,p0,p3,p9,p2,p0"
campaign_smoke_task0_smoke,206,random,near_tie,6,10,68,1,0,0,True,True,True,True,0,"p4,p7,p4,p4,p4,p4,p7,p4,p4,p4,p4,p4,p4,p4,p4,p4,p4,p5,p4,p5,p5,p4,p4,p4,p4,p4,p4,p4,p5,p4,p4,p4,p0,p5,p5,p8,p4,p5,p5,p4,p8,p4,p5,p5,p5,p5,p5,p8,p4,p5,p5,p8,p8,p8,p5,p3,p8,p9,p8,p8,p8,p5,p8,p8,p5,p6,p8,p8"
campaign_smoke_task0_smoke,207,random,near_tie,2,4,28,0,0,0,True,True,True,True,0,"p2,p2,p3,p1,p2,p0,p0,p0,p0,p0,p0,p3,p3,p2,p2,p1,p1,p1,p1,p1,p1,p1,p1,p1,p1,p1,p1,p1"
campaign_smoke_task0_smoke,208,random,noisy,5,7,35,0,0,0,True,True,True,True,0,"p2,p2,p2,p2,p3,p2,p2,p2,p2,p1,p2,p1,p2,p2,p3,p6,p3,p2,p2,p5,p5,p3,p3,p5,p5,p6,p5,p1,p2,p3,p2,p6,p2,p6,p3"
campaign_smoke_task0_smoke,209,random,adv_bias,6,10,100,19,48,367,False,False,True,False,6,"p7,p3,p0,p5,p3,p3,p1,p0,p8,p7,p0,p1,p8,p3,p4,p9,p7,p3,p0,p2,p1,p0,p4,p3,p2,p0,p0,p8,p6,p2,p2,p9,p2,p3,p7,p5,p2,p3,p3,p2,p6,p8,p8,p9,p3,p3,p2,p9,p2,p4,p8,p1,p6,p8,p7,p5,p0,p4,p3,p3,p1,p9,p6,p3,p6,p3,p2,p9,p9,p8,p6,p4,p2,p9,p3,p1,p9,p6,p1,p8,p6,p2,p8,p5,p1,p6,p2,p8,p9,p2,p9,p8,p2,p9,p5,p8,p3,p8,p1,p4"
campaign_smoke_task0_smoke,210,random,noisy,2,6,19,1,0,0,True,True,True,True,0,"p5,p2,p2,p2,p2,p2,p2,p2,p4,p4,p4,p4,p4,p4,p4,p4,p0,p0,p0"
campaign_smoke_task0_smoke,211,random,adv_bias,8,9,145,15,41,570,False,True,True,False,4,"p5,p3,p5,p1,p5,p8,p0,p7,p1,p7,p0,p6,p2,p0,p0,p2,p3,p1,p2,p6,p8,p6,p4,p1,p4,p4,p8,p4,p4,p3,p5,p5,p2,p5,p6,p8,p4,p0,p5,p4,p2,p5,p5,p4,p2,p5,p2,p1,p7,p5,p2,p7,p5,p5,p4,p5,p5,p3,p8,p7,p2,p5,p5,p8,p6,p2,p7,p6,p3,p3,p7,p1,p4,p1,p7,p0,p2,p6,p6,p7,p5,p4,p2,p6,p2,p7,p7,p7,p6,p1,p5,p6,p2,p5,p2,p2,p5,p5,p2,p2,p2,p6,p2,p4,p6,p2,p6,p6,p8,p2,p3,p2,p2,p2,p5,p8,p6,p0,p1,p0,p3,p5,p1,p5,p2,p0,p6,p3,p2,p7,p8,p3,p3,p0,p4,p7,p0,p8,p6,p5,p6,p5,p1,p1,p6"
campaign_smoke_task0_smoke,212,random,adv_bias,4,6,56,4,6,72,True,True,True,True,0,"p1,p1,p2,p0,p0,p0,p4,p1,p5,p2,p5,p2,p5,p2,p3,p5,p5,p5,p1,p2,p1,p5,p5,p2,p5,p5,p2,p2,p2,p2,p2,p2,p2,p2,p2,p2,p5,p2,p2,p0,p5,p2,p2,p2,p2,p2,p2,p2,p5,p2,p2,p5,p4,p3,p2,p2"
campaign_smoke_task0_smoke,213,random,noisy,6,14,103,2,0,1,False,False,True,False,2,"p13,p3,p6,p6,p8,p3,p8,p8,p3,p3,p5,p13,p2,p13,p2,p8,p13,p8,p5,p12,p5,p12,p13,p13,p5,p12,p11,p8,p5,p8,p9,p7,p4,p7,p13,p8,p7,p0,p0,p4,p4,p5,p10,p8,p2,p10,p7,p9,p10,p0,p3,p8,p8,p7,p4,p4,p8,p0,p10,p0,p8,p8,p3,p0,p0,p3,p0,p0,p3,p3,p3,p3,p0,p3,p3,p0,p3,p3,p0,p4,p3,p3,p3,p2,p0,p7,p4,p7,p7,p7,p3,p0,p3,p7,p8,p7,p5,p7,p5,p7,p7,p7,p8"
campaign_smoke_task0_smoke,214,random,adv_bias,8,12,121,3,9,88,False,True,True,False,1,"p1,p1,p1,p1,p1,p1,p1,p1,p1,p1,p6,p1,p1,p1,p1,p1,p1,p1,p1,p1,p1,p1,p6,p1,p1,p1,p1,p2,p1,p10,p1,p1,p1,p1,p1,p1,p10,p10,p1,p1,p1,p10,p1,p2,p1,p9,p10,p1,p10,p10,p1,p1,p1,p1,p10,p10,p2,p10,p11,p9,p10,p10,p10,p10,p2,p1,p6,p1,p10,p1,p8,p3,p11,p3,p3,p10,p10,p10,p9,p10,p1,p10,p10,p11,p11,p10,p8,p1,p10,p10,p10,p11,p1,p10,p9,p3,p9,p10,p8,p1,p10,p1,p1,p1,p0,p8,p1,p10,p7,p1,p3,p1,p1,p8,p10,p0,p3,p1,p6,p8,p4"
campaign_smoke_task0_smoke,215,random,adv_bias,4,8,56,8,6,71,False,True,True,False,1,"p0,p3,p3,p3,p0,p0,p3,p3,p3,p0,p3,p1,p7,p4,p7,p4,p4,p0,p7,p7,p7,p7,p7,p4,p0,p7,p7,p4,p7,p7,p3,p4,p4,p7,p7,p0,p4,p7,p4,p1,p4,p4,p4,p7,p0,p1,p4,p5,p7,p3,p0,p1,p3,p3,p2,p5"
campaign_smoke_task0_smoke,216,random,noisy,8,18,151,0,0,1,True,True,True,True,0,"p7,p7,p5,p3,p1,p7,p5,p1,p7,p3,p7,p5,p7,p7,p5,p1,p14,p5,p11,p14,p7,p7,p8,p5,p5,p4,p11,p15,p15,p14,p11,p4,p14,p5,p4,p3,p11,p11,p11,p7,p4,p11,p6,p9,p6,p5,p11,p6,p7,p11,p14,p0,p4,p6,p5,p4,p1,p9,p10,p5,p1,p3,p3,p12,p3,p3,p3,p2,p1,p9,p3,p5,p1,p9,p11,p16,p12,p9,p1,p3,p7,p12,p16,p9,p5,p3,p2,p5,p10,p12,p9,p1,p5,p16,p3,p3,p10,p9,p2,p10,p13,p15,p15,p16,p6,p8,p2,p0,p4,p4,p8,p4,p0,p13,p7,p4,p4,p4,p1,p16,p7,p2,p2,p1,p1,p11,p4,p5,p1,p5,p5,p5,p14,p6,p14,p16,p7,p9,p10,p5,p14,p9,p5,p2,p9,p14,p10,p5,p9,p5,p16"
campaign_smoke_task0_smoke,217,random,adv_bias,8,9,87,0,0,0,True,True,True,True,0,"p4,p4,p5,p8,p4,p8,p8,p8,p6,p5,p2,p0,p8,p8,p5,p5,p8,p6,p8,p5,p2,p5,p8,p8,p6,p8,p5,p4,p6,p2,p6,p6,p4,p6,p2,p5,p6,p8,p8,p6,p3,p3,p8,p8,p6,p6,p3,p6,p4,p6,p5,p3,p5,p8,p5,p5,p6,p3,p5,p6,p7,p3,p8,p8,p5,p8,p5,p3,p8,p3,p6,p8,p5,p3,p7,p6,p8,p7,p3,p5,p0,p5,p2,p8,p3,p3,p7"
campaign_smoke_task0_smoke,218,random,noisy,2,4,20,0,0,0,True,True,True,True,0,"p3,p3,p3,p3,p3,p3,p3,p3,p3,p3,p3,p3,p3,p3,p3,p3,p3,p3,p3,p3"
campaign_smoke_task0_smoke,219,random,adv_bias,3,7,39,5,4,42,True,True,True,True,0,"p2,p2,p2,p0,p5,p1,p6,p0,p4,p6,p6,p4,p3,p2,p1,p4,p4,p4,p4,p1,p4,p0,p3,p6,p4,p3,p3,p6,p6,p0,p3,p1,p3,p2,p1,p1,p3,p3,p3"
campaign_smoke_task0_smoke,220,random,near_tie,8,10,116,0,0,2,True,True,True,True,0,"p5,p7,p5,p8,p7,p5,p7,p9,p7,p0,p0,p9,p3,p2,p3,p2,p2,p7,p2,p2,p9,p2,p5,p4,p2,p7,p6,p1,p0,p5,p7,p4,p8,p8,p2,p7,p9,p1,p5,p9,p6,p7,p2,p0,p4,p8,p5,p6,p2,p3,p6,p3,p1,p9,p4,p8,p8,p5,p4,p7,p6,p5,p0,p2,p8,p2,p4,p6,p0,p4,p8,p8,p7,p5,p0,p1,p7,p9,p5,p1,p3,p2,p0,p3,p1,p8,p1,p1,p8,p3,p2,p6,p9,p6,p4,p2,p9,p7,p2,p8,p8,p6,p0,p9,p3,p9,p9,p2,p9,p3,p0,p3,p5,p5,p3,p3"
campaign_smoke_task0_smoke,221,random,adv_bias,3,7,44,2,1,17,False,True,True,False,1,"p0,p0,p0,p0,p3,p0,p0,p5,p0,p5,p5,p5,p5,p5,p0,p2,p5,p5,p2,p2,p0,p2,p3,p2,p2,p3,p3,p3,p3,p2,p2,p4,p4,p4,p4,p2,p4,p4,p4,p4,p4,p4,p4,p4"
campaign_smoke_task0_smoke,222,random,adv_bias,2,3,13,0,0,0,True,True,True,True,0,"p1,p1,p1,p1,p0,p0,p0,p1,p0,p1,p1,p1,p1"
campaign_smoke_task0_smoke,223,random,near_tie,2,3,32,0,0,0,True,True,True,True,0,"p1,p1,p1,p1,p1,p1,p1,p1,p1,p1,p1,p1,p1,p1,p2,p1,p1,p1,p1,p1,p2,p1,p1,p2,p0,p2,p2,p0,p0,p0,p0,p0"
campaign_smoke_task0_smoke,224,random,noisy,4,8,59,1,0,0,True,True,True,True,0,"p6,p6,p6,p6,p6,p6,p6,p6,p6,p6,p6,p6,p0,p6,p6,p4,p6,p6,p6,p6,p6,p6,p6,p6,p6,p6,p3,p6,p1,p6,p6,p0,p2,p1,p6,p1,p6,p0,p6,p1,p1,p0,p0,p5,p1,p1,p1,p1,p1,p1,p5,p1,p1,p1,p5,p1,p2,p1,p4"
campaign_smoke_task0_smoke,225,random,near_tie,8,10,159,0,0,0,True,True,True,True,0,"p5,p5,p8,p5,p5,p8,p5,p5,p5,p7,p5,p7,p5,p5,p7,p5,p5,p8,p2,p7,p5,p5,p8,p7,p7,p7,p9,p4,p7,p0,p5,p7,p8,p5,p2,p7,p7,p0,p7,p6,p4,p4,p6,p9,p6,p7,p8,p6,p6,p5,p6,p3,p2,p2,p7,p3,p7,p8,p8,p6,p5,p2,p5,p3,p3,p2,p7,p2,p2,p3,p2,p6,p2,p2,p5,p6,p3,p6,p3,p3,p6,p2,p6,p2,p6,p3,p2,p0,p3,p5,p3,p5,p3,p6,p6,p5,p2,p3,p6,p3,p2,p6,p2,p2,p5,p2,p2,p4,p2,p2,p3,p5,p5,p5,p5,p3,p6,p2,p5,p2,p5,p2,p8,p2,p9,p3,p6,p5,p5,p6,p3,p3,p2,p5,p5,p5,p6,p9,p9,p6,p5,p3,p3,p3,p3,p5,p5,p2,p9,p5,p3,p3,p3,p3,p5,p7,p3,p3,p4"
campaign_smoke_task0_smoke,226,random,noisy,3,8,46,1,0,1,True,True,True,True,0,"p2,p2,p2,p2,p3,p2,p3,p4,p3,p2,p2,p3,p2,p2,p2,p2,p2,p6,p7,p3,p2,p4,p5,p2,p2,p4,p2,p0,p2,p2,p0,p0,p2,p0,p3,p5,p4,p0,p4,p6,p3,p2,p5,p4,p0,p6"
campaign_smoke_task0_smoke,227,random,adv_bias,5,6,64,8,14,117,False,True,True,False,1,"p3,p2,p0,p2,p4,p3,p4,p0,p0,p3,p5,p2,p0,p2,p0,p5,p2,p2,p3,p4,p1,p3,p3,p4,p3,p3,p5,p2,p3,p2,p2,p5,p5,p2,p2,p4,p4,p5,p5,p0,p4,p5,p5,p0,p3,p3,p0,p3,p5,p3,p0,p5,p3,p1,p0,p2,p1,p0,p1,p1,p4,p0,p4,p3"
campaign_smoke_task0_smoke,228,random,near_tie,5,6,100,0,0,0,True,True,True,True,0,"p1,p1,p1,p1,p1,p1,p1,p1,p1,p1,p1,p1,p1,p1,p5,p5,p1,p5,p1,p1,p1,p1,p1,p1,p4,p1,p1,p1,p1,p1,p1,p0,p2,p0,p1,p0,p1,p1,p0,p0,p1,p3,p4,p3,p1,p1,p3,p1,p0,p0,p3,p1,p3,p3,p1,p3,p3,p3,p5,p0,p3,p1,p3,p3,p0,p5,p3,p3,p0,p5,p3,p0,p5,p0,p2,p4,p5,p5,p5,p5,p1,p5,p5,p5,p1,p4,p5,p5,p5,p2,p5,p5,p5,p2,p1,p3,p5,p5,p5,p5"
campaign_smoke_task0_smoke,229,random,near_tie,5,7,33,1,0,0,True,True,True,True,0,"p3,p3,p5,p3,p2,p3,p2,p2,p2,p1,p3,p3,p6,p1,p2,p0,p0,p1,p6,p0,p3,p2,p6,p5,p2,p4,p4,p0,p5,p5,p4,p3,p5"
campaign_smoke_task0_smoke,230,random,near_tie,5,7,82,0,0,0,True,True,True,True,0,"p1,p6,p1,p1,p1,p6,p1,p5,p6,p6,p1,p4,p6,p1,p1,p5,p6,p6,p6,p5,p6,p5,p5,p5,p6,p0,p5,p1,p5,p0,p5,p6,p6,p3,p6,p6,p5,p5,p6,p4,p6,p6,p5,p5,p6,p5,p6,p4,p2,p5,p4,p4,p3,p2,p4,p3,p4,p2,p4,p1,p4,p2,p4,p1,p6,p6,p4,p4,p2,p5,p4,p0,p4,p5,p3,p5,p5,p5,p5,p5,p5,p5"
campaign_smoke_task0_smoke,231,random,near_tie,8,10,126,0,0,0,True,True,True,True,0,"p1,p1,p6,p9,p9,p1,p1,p9,p0,p9,p1,p8,p1,p6,p1,p2,p3,p1,p1,p0,p9,p9,p6,p0,p5,p6,p0,p6,p6,p9,p0,p6,p6,p4,p6,p9,p6,p6,p6,p6,p6,p2,p6,p2,p6,p6,p6,p8,p6,p2,p6,p2,p2,p1,p8,p8,p0,p2,p6,p0,p8,p2,p0,p9,p8,p0,p2,p0,p0,p1,p9,p0,p5,p2,p2,p6,p8,p6,p8,p0,p6,p6,p2,p6,p0,p0,p0,p2,p5,p4,p0,p6,p5,p0,p5,p2,p5,p0,p2,p6,p7,p8,p2,p4,p0,p6,p2,p0,p2,p7,p5,p2,p7,p7,p5,p2,p2,p8,p6,p6,p1,p2,p7,p7,p6,p1"
campaign_smoke_task0_smoke,232,random,noisy,2,4,37,0,0,3,True,True,True,True,0,"p2,p1,p1,p1,p3,p2,p1,p1,p2,p2,p1,p3,p0,p2,p2,p3,p2,p2,p1,p2,p3,p3,p2,p2,p1,p2,p2,p2,p1,p3,p2,p2,p2,p0,p1,p0,p2"
campaign_smoke_task0_smoke,233,random,adv_bias,3,5,39,4,3,43,True,True,True,True,0,"p2,p0,p2,p2,p1,p2,p4,p1,p4,p3,p0,p1,p0,p3,p3,p1,p3,p1,p4,p1,p1,p3,p3,p2,p2,p1,p1,p2,p2,p1,p4,p4,p2,p2,p1,p2,p2,p4,p2"
campaign_smoke_task0_smoke,234,random,noisy,6,14,110,1,0,1,True,True,True,True,0,"p7,p7,p7,p8,p5,p4,p5,p5,p8,p6,p0,p9,p10,p9,p8,p5,p9,p5,p10,p8,p9,p6,p8,p10,p3,p3,p10,p10,p7,p10,p10,p8,p6,p3,p3,p0,p10,p0,p10,p0,p7,p3,p1,p9,p3,p5,p1,p7,p1,p3,p7,p4,p3,p4,p1,p11,p11,p9,p1,p9,p4,p8,p1,p3,p11,p8,p3,p1,p2,p1,p0,p1,p2,p7,p13,p3,p6,p1,p13,p6,p13,p13,p10,p6,p13,p6,p3,p13,p11,p9,p6,p3,p6,p5,p7,p6,p2,p3,p8,p3,p7,p6,p0,p3,p6,p7,p6,p13,p3,p0"
campaign_smoke_task0_smoke,235,random,adv_bias,5,12,100,7,11,127,True,True,True,True,0,"p1,p1,p5,p5,p5,p5,p1,p1,p1,p1,p5,p1,p1,p5,p3,p5,p1,p1,p5,p1,p1,p1,p1,p1,p4,p4,p1,p5,p5,p4,p7,p4,p1,p4,p7,p5,p1,p3,p4,p4,p1,p4,p1,p4,p1,p7,p4,p9,p0,p3,p3,p7,p9,p3,p8,p7,p7,p9,p7,p3,p7,p7,p7,p7,p6,p5,p3,p0,p7,p7,p3,p0,p4,p7,p4,p7,p4,p1,p0,p5,p7,p7,p7,p7,p5,p9,p1,p7,p5,p9,p9,p9,p2,p7,p11,p9,p9,p9,p9,p9"
campaign_smoke_task0_smoke,236,random,adv_bias,8,9,149,10,30,510,False,True,True,False,1,"p8,p8,p7,p8,p1,p1,p8,p1,p1,p1,p7,p6,p0,p8,p7,p0,p6,p5,p1,p1,p5,p6,p6,p1,p6,p1,p3,p8,p3,p8,p1,p6,p3,p5,p3,p8,p1,p6,p8,p5,p5,p2,p2,p2,p4,p5,p1,p7,p8,p1,p1,p1,p5,p3,p2,p5,p5,p8,p5,p8,p4,p8,p4,p3,p8,p4,p5,p4,p8,p5,p3,p4,p4,p7,p5,p8,p1,p5,p2,p5,p4,p0,p4,p8,p1,p8,p0,p0,p3,p5,p0,p3,p4,p2,p4,p4,p0,p0,p1,p0,p1,p1,p6,p1,p4,p3,p7,p6,p7,p0,p4,p0,p5,p1,p0,p4,p8,p4,p0,p4,p6,p3,p4,p4,p1,p5,p4,p4,p4,p0,p8,p4,p3,p0,p2,p4,p8,p4,p3,p0,p4,p8,p8,p0,p0,p0,p2,p0,p6"
campaign_smoke_task0_smoke,237,random,adv_bias,5,6,80,3,4,23,True,True,True,True,0,"p3,p3,p3,p3,p3,p3,p3,p2,p3,p3,p3,p3,p3,p3,p5,p3,p2,p1,p2,p1,p2,p2,p2,p3,p2,p2,p2,p1,p5,p5,p2,p2,p2,p2,p2,p2,p5,p2,p5,p2,p2,p1,p2,p1,p2,p5,p1,p2,p1,p5,p1,p1,p1,p2,p2,p5,p1,p2,p1,p1,p1,p3,p3,p4,p1,p2,p1,p3,p3,p0,p3,p3,p1,p4,p3,p2,p3,p3,p3,p5"
campaign_smoke_task0_smoke,238,random,adv_bias,3,7,48,5,3,52,True,True,True,True,0,"p4,p2,p1,p1,p4,p2,p4,p1,p2,p4,p3,p5,p6,p1,p4,p3,p5,p1,p1,p3,p4,p1,p1,p3,p1,p1,p4,p4,p1,p4,p5,p4,p5,p3,p3,p3,p6,p5,p3,p6,p0,p0,p3,p2,p5,p6,p6,p5"
campaign_smoke_task0_smoke,239,random,noisy,5,7,67,0,0,1,True,True,True,True,0,"p2,p6,p6,p3,p5,p0,p6,p3,p4,p6,p3,p5,p2,p5,p1,p6,p3,p3,p0,p5,p6,p2,p4,p4,p2,p6,p1,p0,p2,p2,p0,p6,p5,p0,p1,p2,p5,p0,p0,p1,p0,p3,p3,p0,p3,p0,p1,p6,p3,p6,p6,p5,p2,p3,p2,p1,p3,p6,p5,p2,p5,p6,p2,p1,p3,p3,p4"
campaign_smoke_task0_smoke,240,random,near_tie,2,4,35,0,0,0,True,True,True,True,0,"p1,p1,p1,p0,p0,p3,p3,p3,p0,p3,p3,p3,p3,p3,p3,p3,p3,p3,p3,p3,p3,p0,p3,p3,p2,p3,p2,p2,p1,p2,p1,p0,p2,p2,p3"
campaign_smoke_task0_smoke,241,random,noisy,2,6,14,0,0,0,True,True,True,True,0,"p0,p5,p0,p2,p5,p5,p0,p5,p5,p0,p4,p5,p3,p5"
campaign_smoke_task0_smoke,242,random,noisy,2,3,11,0,0,0,True,True,True,True,0,"p0,p0,p0,p0,p0,p0,p0,p1,p0,p1,p0"
campaign_smoke_task0_smoke,243,random,adv_bias,3,4,41,0,0,0,True,True,True,True,0,"p2,p2,p2,p2,p2,p2,p2,p2,p2,p2,p2,p2,p2,p1,p2,p2,p2,p2,p1,p2,p2,p2,p2,p1,p2,p2,p2,p2,p2,p2,p2,p2,p2,p2,p2,p2,p2,p1,p2,p2,p2"
campaign_smoke_task0_smoke,244,random,near_tie,6,8,82,0,0,0,True,True,True,True,0,"p4,p4,p4,p5,p2,p4,p4,p2,p4,p4,p4,p4,p4,p4,p2,p3,p1,p4,p4,p1,p5,p2,p5,p5,p4,p6,p0,p2,p5,p3,p5,p5,p6,p0,p4,p4,p6,p5,p6,p5,p7,p5,p0,p6,p5,p4,p2,p5,p0,p6,p6,p6,p2,p6,p2,p2,p4,p2,p7,p2,p4,p2,p6,p6,p7,p2,p2,p6,p2,p2,p6,p6,p7,p2,p6,p2,p7,p6,p2,p7,p6,p5"
campaign_smoke_task0_smoke,245,random,adv_bias,6,7,107,6,12,165,False,True,True,False,1,"p3,p3,p6,p5,p6,p3,p4,p2,p3,p6,p4,p5,p2,p2,p2,p4,p6,p3,p0,p6,p3,p5,p0,p2,p2,p2,p2,p2,p2,p4,p4,p5,p3,p2,p3,p5,p5,p5,p2,p6,p2,p5,p4,p5,p5,p3,p6,p6,p0,p2,p5,p2,p1,p5,p6,p6,p1,p1,p5,p5,p0,p4,p6,p0,p5,p4,p4,p4,p5,p4,p4,p3,p0,p6,p6,p5,p6,p6,p6,p5,p5,p6,p0,p5,p5,p5,p6,p6,p0,p1,p2,p5,p6,p3,p2,p6,p4,p4,p5,p4,p4,p5,p4,p5,p1,p4,p5"
campaign_smoke_task0_smoke,246,random,noisy,6,8,37,0,0,1,True,True,True,True,0,"p5,p5,p3,p6,p5,p7,p5,p7,p7,p7,p2,p2,p7,p0,p5,p2,p5,p6,p2,p6,p6,p0,p1,p7,p0,p4,p2,p5,p0,p5,p7,p4,p1,p3,p6,p5,p7"
campaign_smoke_task0_smoke,247,random,near_tie,2,4,29,0,0,0,True,True,True,True,0,"p0,p0,p0,p0,p0,p0,p0,p0,p0,p0,p0,p0,p2,p0,p0,p0,p0,p0,p0,p0,p0,p0,p0,p0,p0,p0,p0,p3,p0"
campaign_smoke_task0_smoke,248,random,near_tie,6,8,101,0,0,0,True,True,True,True,0,"p6,p6,p6,p6,p6,p6,p6,p3,p6,p6,p6,p6,p6,p6,p6,p6,p3,p6,p6,p5,p7,p7,p6,p3,p7,p7,p3,p6,p3,p6,p6,p6,p3,p3,p3,p3,p7,p7,p6,p6,p3,p7,p6,p7,p7,p7,p7,p7,p4,p6,p7,p2,p7,p2,p4,p7,p6,p7,p7,p7,p7,p4,p7,p7,p2,p7,p7,p7,p7,p7,p7,p7,p5,p7,p7,p7,p7,p7,p7,p7,p7,p7,p7,p7,p7,p7,p7,p7,p7,p7,p6,p7,p7,p7,p7,p6,p7,p4,p7,p6,p6"
campaign_smoke_task0_smoke,249,random,noisy,8,9,141,0,0,0,True,True,True,True,0,"p0,p4,p0,p0,p8,p4,p4,p4,p0,p4,p4,p4,p4,p4,p4,p4,p6,p0,p4,p8,p8,p4,p4,p4,p4,p4,p4,p8,p4,p4,p1,p1,p4,p4,p4,p4,p8,p4,p4,p0,p4,p1,p0,p1,p4,p7,p4,p4,p4,p8,p3,p2,p1,p7,p1,p2,p4,p1,p0,p6,p3,p4,p1,p6,p3,p0,p6,p1,p0,p4,p1,p1,p1,p1,p1,p3,p6,p1,p1,p1,p1,p1,p6,p1,p4,p1,p1,p1,p1,p0,p1,p1,p1,p1,p1,p4,p1,p1,p1,p0,p1,p3,p3,p3,p1,p3,p0,p0,p2,p3,p0,p3,p1,p3,p1,p7,p7,p3,p0,p0,p1,p0,p2,p7,p7,p3,p4,p3,p3,p1,p0,p4,p7,p0,p0,p3,p0,p3,p0,p3,p0"
campaign_smoke_task0_smoke,250,random,near_tie,2,6,30,1,0,1,True,True,True,True,0,"p2,p2,p2,p1,p1,p1,p1,p1,p1,p1,p1,p1,p1,p0,p1,p1,p0,p5,p3,p0,p5,p0,p2,p0,p2,p2,p2,p2,p2,p2"
campaign_smoke_task0_smoke,251,random,noisy,6,10,65,0,0,0,True,True,True,True,0,"p1,p1,p1,p1,p1,p1,p5,p9,p2,p1,p7,p1,p1,p1,p1,p1,p5,p1,p7,p5,p0,p1,p1,p1,p1,p1,p1,p1,p1,p1,p1,p1,p1,p1,p1,p1,p1,p0,p0,p0,p1,p1,p1,p1,p1,p1,p5,p1,p1,p1,p2,p9,p1,p1,p1,p1,p1,p7,p7,p1,p1,p7,p1,p1,p1"
campaign_smoke_task0_smoke,252,random,near_tie,8,18,150,2,0,0,True,True,True,True,0,"p7,p7,p7,p7,p7,p15,p7,p7,p15,p11,p17,p7,p7,p7,p11,p9,p2,p6,p7,p17,p12,p17,p1,p17,p3,p7,p7,p17,p17,p1,p12,p3,p8,p1,p7,p6,p7,p17,p8,p6,p14,p6,p7,p8,p10,p15,p15,p8,p6,p1,p6,p16,p15,p15,p2,p6,p5,p6,p8,p3,p16,p13,p5,p15,p15,p16,p6,p15,p6,p16,p17,p6,p5,p10,p8,p5,p16,p15,p15,p1,p1,p0,p15,p10,p6,p8,p9,p10,p0,p16,p15,p5,p0,p6,p8,p16,p8,p8,p15,p10,p15,p4,p8,p16,p10,p8,p4,p0,p3,p17,p4,p13,p4,p4,p15,p15,p4,p13,p8,p4,p10,p13,p4,p9,p6,p17,p4,p9,p9,p15,p4,p3,p8,p8,p6,p4,p11,p6,p11,p9,p8,p7,p15,p17,p4,p6,p10,p1,p7,p11"
campaign_smoke_task0_smoke,253,random,adv_bias,8,10,82,5,21,229,False,True,True,False,2,"p0,p5,p3,p0,p0,p6,p2,p7,p2,p2,p2,p6,p3,p0,p1,p2,p7,p2,p7,p6,p7,p1,p1,p7,p7,p0,p1,p4,p6,p7,p2,p0,p9,p3,p4,p0,p4,p1,p3,p7,p5,p3,p4,p9,p5,p4,p4,p4,p4,p4,p4,p3,p4,p5,p3,p4,p8,p3,p4,p9,p3,p7,p6,p4,p8,p6,p3,p3,p5,p8,p9,p5,p9,p4,p4,p4,p0,p4,p8,p4,p6,p5"
campaign_smoke_task0_smoke,254,random,noisy,3,5,19,1,1,1,True,True,True,True,0,"p3,p3,p3,p1,p3,p2,p3,p1,p4,p0,p4,p4,p0,p1,p3,p4,p4,p3,p3"
campaign_smoke_task0_smoke,255,random,noisy,3,7,16,1,0,0,True,True,True,True,0,"p3,p3,p4,p3,p3,p3,p5,p1,p0,p5,p3,p0,p1,p2,p4,p1"
campaign_smoke_task0_smoke,256,random,adv_bias,5,7,44,4,7,61,False,True,True,False,1,"p0,p2,p5,p2,p5,p2,p0,p2,p2,p4,p0,p5,p2,p1,p3,p2,p5,p0,p4,p6,p1,p5,p4,p1,p5,p3,p4,p1,p1,p4,p1,p1,p1,p1,p4,p4,p5,p5,p5,p1,p1,p1,p1,p1"
campaign_smoke_task0_smoke,257,random,near_tie,5,12,92,1,0,2,True,True,True,True,0,"p1,p7,p7,p1,p1,p8,p1,p1,p7,p1,p3,p5,p3,p1,p8,p1,p7,p4,p1,p11,p3,p9,p7,p1,p4,p7,p4,p6,p7,p4,p3,p0,p7,p7,p0,p8,p7,p2,p11,p3,p3,p7,p10,p5,p0,p5,p11,p6,p7,p1,p10,p3,p11,p1,p7,p1,p9,p7,p8,p10,p0,p1,p7,p11,p7,p5,p0,p11,p1,p3,p0,p3,p1,p2,p11,p1,p6,p6,p6,p2,p1,p6,p9,p6,p6,p8,p1,p8,p8,p4,p0,p0"
campaign_smoke_task0_smoke,258,random,near_tie,5,7,35,0,0,0,True,True,True,True,0,"p6,p3,p6,p6,p3,p3,p6,p3,p3,p6,p6,p3,p3,p6,p6,p3,p3,p3,p3,p3,p3,p3,p6,p3,p2,p3,p3,p2,p3,p3,p2,p3,p2,p2,p2"
campaign_smoke_task0_smoke,259,random,noisy,5,6,37,0,0,0,True,True,True,True,0,"p0,p4,p4,p4,p5,p4,p3,p1,p1,p3,p4,p5,p3,p0,p2,p4,p1,p0,p4,p3,p1,p3,p0,p0,p0,p5,p5,p5,p5,p3,p0,p5,p5,p4,p1,p2,p5"
campaign_smoke_task0_smoke,260,random,adv_bias,2,3,12,0,0,0,True,True,True,True,0,"p1,p2,p2,p2,p1,p1,p1,p1,p1,p2,p2,p1"
campaign_smoke_task0_smoke,261,random,noisy,4,8,43,1,0,1,True,True,True,True,0,"p3,p3,p3,p1,p2,p4,p4,p3,p0,p2,p0,p4,p2,p0,p1,p0,p0,p0,p6,p6,p6,p1,p7,p1,p6,p1,p1,p3,p4,p4,p0,p5,p1,p4,p2,p3,p2,p0,p2,p0,p4,p0,p6"
campaign_smoke_task0_smoke,262,random,near_tie,5,9,93,1,0,1,True,True,True,True,0,"p8,p8,p8,p7,p2,p1,p0,p4,p4,p7,p1,p1,p8,p1,p6,p7,p5,p3,p1,p0,p2,p5,p7,p7,p2,p5,p0,p4,p6,p5,p5,p5,p7,p1,p1,p5,p0,p1,p5,p4,p7,p7,p0,p6,p5,p5,p4,p0,p6,p1,p5,p0,p7,p6,p6,p7,p4,p8,p3,p5,p4,p5,p7,p2,p8,p1,p5,p0,p0,p8,p4,p2,p4,p4,p4,p1,p1,p0,p1,p7,p8,p2,p1,p1,p7,p2,p8,p7,p2,p1,p8,p1,p1"
campaign_smoke_task0_smoke,263,random,adv_bias,3,4,55,2,0,17,True,True,True,True,0,"p2,p2,p2,p2,p2,p3,p3,p3,p2,p2,p3,p3,p3,p3,p2,p2,p3,p2,p2,p2,p0,p2,p3,p2,p2,p2,p0,p3,p1,p2,p3,p1,p3,p0,p2,p3,p3,p0,p2,p2,p2,p2,p2,p2,p2,p2,p2,p2,p1,p2,p1,p2,p2,p2,p2"
campaign_smoke_task0_smoke,264,random,noisy,2,3,13,1,0,2,True,True,True,True,0,"p1,p0,p1,p0,p2,p0,p0,p0,p1,p2,p0,p0,p0"
campaign_smoke_task0_smoke,265,random,noisy,6,8,103,0,0,0,True,True,True,True,0,"p4,p4,p4,p4,p4,p4,p4,p4,p2,p0,p4,p4,p3,p4,p4,p5,p1,p4,p7,p4,p4,p3,p4,p4,p4,p4,p4,p1,p3,p5,p2,p7,p1,p4,p7,p4,p2,p3,p6,p7,p2,p3,p3,p7,p4,p3,p2,p7,p0,p7,p7,p0,p7,p5,p7,p5,p0,p2,p2,p5,p6,p2,p2,p3,p7,p0,p2,p5,p3,p5,p0,p6,p6,p1,p4,p4,p4,p6,p5,p5,p4,p0,p7,p5,p1,p4,p0,p1,p0,p5,p4,p5,p5,p6,p7,p7,p4,p4,p2,p2,p5,p7,p0"
campaign_smoke_task0_smoke,266,random,adv_bias,5,7,65,6,11,94,False,True,True,False,1,"p1,p1,p1,p1,p1,p5,p1,p3,p3,p3,p6,p1,p6,p3,p1,p3,p1,p2,p3,p3,p1,p1,p6,p6,p6,p1,p2,p1,p1,p4,p1,p0,p6,p1,p0,p1,p1,p1,p1,p0,p0,p6,p1,p1,p6,p2,p3,p0,p3,p3,p6,p5,p3,p6,p3,p0,p0,p3,p3,p2,p6,p0,p3,p3,p4"
campaign_smoke_task0_smoke,267,random,near_tie,8,10,53,1,0,0,True,True,True,True,0,"p9,p3,p9,p6,p8,p7,p5,p7,p5,p4,p9,p5,p9,p7,p2,p7,p9,p8,p9,p7,p8,p7,p3,p9,p9,p6,p4,p9,p8,p8,p4,p9,p9,p7,p2,p7,p2,p9,p3,p9,p1,p9,p1,p3,p2,p0,p3,p0,p3,p1,p2,p5,p3"
campaign_smoke_task0_smoke,268,random,near_tie,2,6,24,0,0,1,True,True,True,True,0,"p2,p2,p2,p2,p1,p3,p2,p2,p2,p3,p5,p2,p0,p3,p3,p3,p3,p1,p4,p1,p2,p1,p4,p1"
campaign_smoke_task0_smoke,269,random,noisy,4,5,21,0,0,0,True,True,True,True,0,"p4,p4,p4,p4,p4,p2,p2,p4,p1,p2,p4,p1,p4,p4,p4,p4,p2,p4,p4,p2,p4"
campaign_smoke_task0_smoke,270,random,near_tie,8,18,86,0,0,0,True,True,True,True,0,"p3,p4,p4,p6,p4,p3,p8,p8,p8,p3,p4,p5,p15,p15,p15,p0,p5,p15,p4,p4,p1,p9,p15,p15,p3,p0,p8,p8,p1,p3,p1,p15,p11,p15,p8,p3,p9,p3,p3,p8,p0,p8,p8,p8,p9,p9,p9,p8,p15,p4,p6,p5,p3,p6,p8,p3,p1,p8,p4,p5,p4,p5,p0,p5,p4,p5,p8,p3,p4,p7,p6,p8,p1,p8,p1,p4,p8,p7,p5,p4,p3,p1,p5,p9,p1,p2"
campaign_smoke_task0_smoke,271,random,near_tie,6,8,49,1,0,0,True,True,True,True,0,"p3,p3,p7,p3,p1,p2,p3,p2,p0,p6,p2,p3,p2,p6,p7,p2,p2,p7,p0,p0,p5,p0,p0,p1,p0,p5,p4,p2,p5,p0,p2,p0,p4,p3,p1,p4,p0,p2,p7,p7,p0,p2,p1,p6,p2,p7,p7,p4,p1"
campaign_smoke_task0_smoke,272,random,adv_bias,2,6,35,2,0,5,True,True,True,True,0,"p3,p2,p2,p2,p2,p2,p2,p2,p2,p2,p2,p2,p2,p2,p2,p2,p4,p2,p4,p2,p2,p2,p2,p2,p2,p2,p2,p2,p2,p2,p2,p2,p1,p2,p1"
campaign_smoke_task0_smoke,273,random,noisy,5,12,84,0,0,0,True,True,True,True,0,"p1,p3,p1,p3,p1,p3,p2,p1,p6,p6,p3,p3,p3,p3,p8,p5,p5,p3,p3,p8,p5,p8,p7,p2,p6,p5,p7,p7,p2,p1,p7,p6,p7,p6,p5,p7,p5,p5,p1,p7,p4,p5,p3,p5,p3,p3,p5,p7,p6,p7,p7,p3,p11,p3,p5,p7,p1,p7,p7,p5,p7,p7,p7,p7,p5,p0,p5,p11,p3,p7,p3,p11,p3,p0,p7,p0,p5,p5,p8,p3,p3,p6,p6,p0"
campaign_smoke_task0_smoke,274,random,noisy,3,7,48,1,0,0,True,True,True,True,0,"p1,p1,p1,p6,p0,p5,p5,p6,p0,p6,p5,p5,p4,p6,p6,p6,p6,p6,p6,p6,p6,p0,p1,p6,p6,p1,p1,p0,p6,p1,p2,p4,p1,p3,p6,p1,p2,p2,p2,p5,p6,p1,p5,p2,p4,p2,p1,p1"
campaign_smoke_task0_smoke,275,random,noisy,5,9,90,1,0,0,True,True,True,True,0,"p2,p2,p2,p2,p8,p2,p8,p2,p2,p2,p7,p4,p2,p2,p4,p4,p7,p7,p7,p5,p4,p3,p4,p0,p5,p5,p7,p0,p3,p0,p7,p4,p4,p5,p3,p4,p4,p5,p2,p4,p4,p4,p4,p2,p5,p4,p4,p2,p4,p4,p2,p4,p5,p4,p2,p2,p8,p2,p8,p3,p8,p8,p3,p8,p3,p8,p8,p8,p8,p2,p2,p3,p3,p8,p8,p3,p1,p8,p0,p2,p5,p8,p8,p1,p8,p1,p1,p2,p1,p1"
campaign_smoke_task0_smoke,276,random,near_tie,2,4,15,0,0,0,True,True,True,True,0,"p3,p3,p1,p0,p0,p0,p0,p2,p1,p3,p2,p0,p0,p1,p2"
campaign_smoke_task0_smoke,277,random,adv_bias,4,10,36,6,5,66,False,False,True,False,4,"p0,p2,p0,p6,p4,p8,p1,p6,p1,p1,p6,p8,p0,p4,p1,p1,p1,p1,p2,p7,p0,p2,p3,p0,p2,p3,p4,p0,p2,p6,p5,p6,p5,p4,p6,p1"
campaign_smoke_task0_smoke,278,random,noisy,2,6,40,1,0,0,True,True,True,True,0,"p5,p3,p2,p3,p3,p3,p3,p3,p4,p1,p5,p4,p2,p4,p1,p2,p1,p5,p5,p1,p0,p5,p5,p2,p2,p5,p2,p2,p2,p4,p2,p3,p2,p4,p2,p0,p2,p2,p5,p2"
campaign_smoke_task0_smoke,279,random,noisy,2,4,33,0,0,0,True,True,True,True,0,"p0,p0,p3,p3,p0,p0,p0,p0,p1,p0,p0,p0,p1,p0,p1,p0,p1,p0,p0,p3,p1,p3,p0,p1,p0,p0,p0,p2,p2,p0,p0,p2,p2"
campaign_smoke_task0_smoke,280,random,adv_bias,3,4,37,1,1,12,True,True,True,True,0,"p1,p1,p1,p0,p1,p1,p0,p0,p1,p2,p1,p1,p0,p1,p0,p3,p1,p0,p3,p0,p0,p0,p3,p3,p0,p0,p0,p0,p0,p0,p0,p0,p0,p0,p0,p0,p0"
campaign_smoke_task0_smoke,281,random,near_tie,4,6,74,0,0,0,True,True,True,True,0,"p5,p2,p5,p1,p5,p2,p2,p2,p5,p1,p1,p5,p5,p0,p5,p0,p0,p2,p2,p0,p5,p2,p2,p2,p3,p2,p5,p2,p5,p2,p3,p5,p5,p3,p5,p5,p5,p3,p5,p5,p5,p5,p5,p5,p5,p5,p5,p5,p5,p3,p3,p5,p3,p5,p5,p2,p1,p2,p5,p5,p5,p2,p5,p5,p1,p1,p5,p5,p1,p0,p3,p5,p1,p5"
campaign_smoke_task0_smoke,282,random,adv_bias,6,8,47,2,5,33,True,True,True,True,0,"p4,p4,p5,p6,p2,p2,p5,p6,p1,p1,p2,p2,p2,p3,p2,p6,p1,p2,p5,p5,p4,p2,p4,p6,p6,p2,p4,p4,p4,p4,p3,p2,p6,p6,p1,p4,p7,p4,p3,p7,p1,p2,p3,p1,p6,p7,p7"
campaign_smoke_task0_smoke,283,random,noisy,4,8,62,1,0,0,True,True,True,True,0,"p1,p3,p3,p1,p5,p5,p1,p6,p3,p1,p6,p1,p3,p5,p1,p6,p1,p6,p7,p2,p0,p1,p5,p2,p2,p6,p4,p6,p4,p1,p4,p5,p5,p6,p4,p6,p4,p4,p4,p4,p4,p7,p4,p3,p4,p3,p4,p0,p4,p4,p0,p3,p1,p0,p4,p3,p0,p4,p6,p0,p3,p4"
campaign_smoke_task0_smoke,284,random,near_tie,2,6,19,2,0,0,True,True,True,True,0,"p1,p2,p2,p5,p2,p0,p3,p0,p0,p4,p1,p2,p4,p1,p1,p2,p1,p4,p2"
campaign_smoke_task0_smoke,285,random,noisy,6,8,47,1,0,0,True,True,True,True,0,"p1,p1,p1,p3,p3,p1,p4,p1,p3,p6,p0,p3,p3,p3,p3,p1,p0,p0,p3,p4,p0,p7,p5,p7,p4,p7,p0,p0,p7,p4,p7,p7,p0,p5,p7,p4,p0,p0,p7,p0,p0,p6,p2,p5,p7,p0,p6"
campaign_smoke_task0_smoke,286,random,near_tie,8,10,156,1,0,0,True,True,True,True,0,"p4,p4,p4,p4,p1,p4,p8,p4,p4,p7,p7,p4,p0,p4,p2,p4,p4,p7,p7,p7,p9,p4,p7,p4,p7,p2,p7,p4,p4,p9,p4,p4,p9,p9,p9,p9,p9,p4,p9,p3,p9,p1,p9,p9,p6,p4,p4,p3,p9,p3,p0,p4,p5,p4,p9,p3,p9,p8,p9,p9,p1,p9,p4,p5,p9,p1,p3,p1,p8,p8,p5,p3,p5,p8,p4,p4,p3,p9,p0,p6,p0,p3,p4,p5,p2,p5,p0,p5,p5,p5,p5,p5,p1,p0,p1,p0,p1,p1,p6,p2,p5,p5,p1,p1,p1,p1,p1,p2,p1,p5,p5,p1,p6,p6,p5,p1,p5,p5,p6,p3,p1,p1,p5,p1,p3,p5,p1,p6,p5,p1,p5,p3,p1,p1,p1,p3,p5,p7,p1,p3,p1,p1,p1,p3,p8,p0,p3,p8,p3,p1,p1,p1,p3,p8,p3,p3"
campaign_smoke_task0_smoke,287,random,noisy,6,8,31,0,0,0,True,True,True,True,0,"p2,p7,p6,p2,p4,p2,p0,p7,p6,p0,p6,p5,p1,p2,p2,p4,p0,p4,p6,p2,p2,p6,p5,p2,p5,p2,p2,p6,p1,p7,p1"
campaign_smoke_task0_smoke,288,random,near_tie,2,6,15,1,0,0,True,True,True,True,0,"p5,p1,p5,p5,p5,p5,p5,p5,p3,p3,p4,p3,p3,p3,p1"
campaign_smoke_task0_smoke,289,random,noisy,6,8,93,1,0,0,True,True,True,True,0,"p6,p6,p6,p6,p6,p6,p6,p6,p6,p6,p6,p4,p6,p6,p6,p5,p0,p6,p6,p1,p6,p6,p5,p5,p6,p6,p5,p6,p0,p3,p3,p5,p2,p1,p5,p0,p0,p5,p3,p0,p0,p0,p5,p5,p4,p5,p5,p0,p0,p0,p5,p5,p0,p0,p5,p0,p7,p5,p1,p7,p6,p5,p0,p1,p5,p6,p1,p6,p7,p6,p1,p7,p5,p6,p7,p7,p0,p5,p1,p1,p7,p7,p1,p0,p0,p7,p5,p7,p7,p5,p7,p5,p7"
campaign_smoke_task0_smoke,290,random,adv_bias,8,18,56,11,37,198,False,True,True,False,1,"p2,p3,p3,p11,p1,p3,p5,p8,p1,p11,p14,p8,p7,p10,p7,p10,p3,p8,p8,p1,p5,p5,p3,p0,p16,p8,p9,p7,p7,p10,p1,p6,p0,p7,p4,p3,p1,p16,p9,p5,p5,p9,p11,p3,p11,p2,p1,p0,p3,p6,p9,p16,p8,p4,p9,p13"
campaign_smoke_task0_smoke,291,random,adv_bias,8,10,102,3,10,83,False,True,True,False,1,"p8,p8,p8,p8,p8,p8,p8,p8,p5,p4,p8,p8,p8,p8,p8,p8,p5,p8,p5,p8,p4,p5,p4,p8,p4,p8,p3,p5,p8,p8,p4,p2,p2,p8,p4,p8,p8,p1,p4,p2,p4,p1,p5,p5,p8,p5,p7,p6,p5,p4,p5,p4,p1,p6,p6,p5,p5,p3,p6,p8,p6,p1,p6,p4,p4,p4,p6,p4,p6,p1,p5,p4,p5,p6,p7,p4,p6,p7,p4,p3,p4,p0,p1,p7,p5,p5,p9,p7,p7,p7,p4,p1,p7,p4,p0,p7,p7,p0,p7,p7,p7,p7"
campaign_smoke_task0_smoke,292,random,near_tie,3,7,22,1,0,0,True,True,True,True,0,"p0,p5,p0,p4,p1,p4,p1,p5,p4,p4,p5,p4,p3,p2,p1,p2,p3,p3,p3,p2,p2,p6"
campaign_smoke_task0_smoke,293,random,noisy,4,8,23,0,0,0,True,True,True,True,0,"p7,p7,p7,p7,p7,p7,p7,p7,p7,p7,p7,p7,p7,p7,p7,p7,p7,p7,p7,p5,p7,p5,p1"
campaign_smoke_task0_smoke,294,random,noisy,5,9,53,0,0,0,True,True,True,True,0,"p8,p2,p4,p4,p2,p7,p0,p2,p2,p5,p7,p0,p0,p2,p5,p4,p4,p1,p1,p7,p7,p5,p3,p5,p4,p0,p8,p8,p8,p5,p6,p3,p2,p8,p2,p6,p2,p6,p8,p2,p5,p2,p6,p0,p5,p6,p2,p6,p2,p6,p2,p6,p4"
campaign_smoke_task0_smoke,295,random,noisy,2,6,28,0,0,0,True,True,True,True,0,"p5,p3,p4,p5,p0,p4,p2,p2,p4,p1,p2,p2,p1,p2,p3,p1,p4,p0,p1,p2,p4,p1,p1,p0,p1,p1,p0,p4"
campaign_smoke_task0_smoke,296,random,adv_bias,2,3,27,3,0,11,True,True,True,True,0,"p2,p0,p1,p1,p2,p1,p0,p2,p1,p2,p1,p1,p1,p1,p0,p1,p1,p2,p2,p1,p1,p1,p2,p1,p1,p1,p2"
campaign_smoke_task0_smoke,297,random,near_tie,6,10,62,0,0,0,True,True,True,True,0,"p1,p1,p1,p1,p4,p1,p9,p1,p1,p1,p1,p1,p8,p1,p4,p4,p1,p6,p4,p4,p9,p9,p1,p9,p8,p1,p6,p9,p8,p6,p9,p4,p1,p1,p9,p7,p7,p1,p6,p7,p8,p1,p6,p6,p7,p7,p8,p7,p1,p6,p7,p7,p8,p6,p6,p8,p1,p7,p8,p1,p7,p8"
campaign_smoke_task0_smoke,298,random,adv_bias,2,4,37,5,0,19,True,True,True,True,0,"p2,p3,p2,p2,p1,p0,p2,p2,p0,p0,p2,p0,p0,p2,p3,p0,p0,p3,p3,p2,p3,p3,p3,p1,p2,p3,p3,p1,p3,p0,p2,p1,p3,p3,p3,p3,p3"
campaign_smoke_task0_smoke,299,random,noisy,6,10,104,0,0,0,True,True,True,True,0,"p7,p7,p4,p3,p4,p7,p4,p3,p3,p4,p4,p3,p3,p1,p4,p6,p1,p2,p8,p5,p3,p5,p2,p2,p2,p5,p3,p2,p4,p5,p6,p1,p1,p3,p2,p6,p1,p0,p1,p1,p6,p9,p1,p2,p2,p0,p8,p9,p1,p1,p4,p1,p0,p2,p1,p2,p6,p0,p1,p6,p2,p6,p2,p3,p0,p3,p1,p1,p3,p3,p7,p9,p2,p6,p7,p1,p1,p7,p3,p6,p9,p3,p0,p7,p2,p5,p3,p4,p6,p6,p2,p2,p0,p1,p7,p7,p6,p8,p3,p8,p6,p9,p4,p6"
