job_label,instance_id,lemma,k,ranking_mode,orig_trace_len,min_trace_len,orig_trace,min_trace
campaign_r1_task7_random,0,lemma1_chain_monotone,5,adv_bias,48,9,"p1,p1,p6,p0,p6,p1,p0,p5,p1,p1,p7,p1,p1,p2,p4,p6,p2,p1,p5,p7,p0,p1,p0,p2,p5,p3,p7,p7,p3,p7,p0,p7,p7,p4,p2,p1,p2,p1,p2,p1,p0,p1,p3,p4,p2,p0,p8,p5","p7,p0,p1,p3,p4,p2,p0,p8,p5"
campaign_r1_task7_random,8,lemma1_chain_monotone,8,adv_bias,157,12,"p0,p0,p0,p3,p1,p8,p3,p0,p1,p9,p2,p0,p8,p9,p6,p0,p9,p4,p6,p2,p1,p10,p9,p9,p5,p9,p11,p1,p8,p6,p5,p10,p4,p6,p10,p7,p4,p9,p10,p8,p9,p5,p11,p8,p0,p8,p0,p0,p8,p5,p6,p3,p2,p2,p2,p11,p2,p6,p5,p11,p7,p7,p11,p1,p6,p1,p7,p11,p4,p11,p4,p8,p3,p6,p5,p4,p4,p4,p9,p4,p6,p9,p4,p8,p5,p11,p5,p8,p9,p3,p6,p4,p2,p6,p7,p9,p3,p5,p3,p8,p9,p7,p3,p7,p5,p1,p8,p6,p4,p8,p3,p7,p5,p3,p3,p9,p7,p9,p9,p4,p10,p0,p5,p1,p10,p5,p3,p8,p10,p11,p1,p11,p5,p1,p5,p9,p1,p5,p5,p0,p8,p1,p7,p6,p10,p11,p4,p9,p5,p6,p1,p6,p10,p11,p2,p11,p1","p8,p7,p4,p9,p5,p1,p6,p10,p11,p2,p11,p1"
campaign_r1_task7_random,8,lemma1_chain_monotone,8,adv_bias,157,12,"p0,p0,p0,p3,p1,p8,p3,p0,p1,p9,p2,p0,p8,p9,p6,p0,p9,p4,p6,p2,p1,p10,p9,p9,p5,p9,p11,p1,p8,p6,p5,p10,p4,p6,p10,p7,p4,p9,p10,p8,p9,p5,p11,p8,p0,p8,p0,p0,p8,p5,p6,p3,p2,p2,p2,p11,p2,p6,p5,p11,p7,p7,p11,p1,p6,p1,p7,p11,p4,p11,p4,p8,p3,p6,p5,p4,p4,p4,p9,p4,p6,p9,p4,p8,p5,p11,p5,p8,p9,p3,p6,p4,p2,p6,p7,p9,p3,p5,p3,p8,p9,p7,p3,p7,p5,p1,p8,p6,p4,p8,p3,p7,p5,p3,p3,p9,p7,p9,p9,p4,p10,p0,p5,p1,p10,p5,p3,p8,p10,p11,p1,p11,p5,p1,p5,p9,p1,p5,p5,p0,p8,p1,p7,p6,p10,p11,p4,p9,p5,p6,p1,p6,p10,p11,p2,p11,p1","p8,p7,p4,p9,p5,p1,p6,p10,p11,p2,p11,p1"
campaign_r1_task7_random,8,lemma1_chain_monotone,8,adv_bias,157,12,"p0,p0,p0,p3,p1,p8,p3,p0,p1,p9,p2,p0,p8,p9,p6,p0,p9,p4,p6,p2,p1,p10,p9,p9,p5,p9,p11,p1,p8,p6,p5,p10,p4,p6,p10,p7,p4,p9,p10,p8,p9,p5,p11,p8,p0,p8,p0,p0,p8,p5,p6,p3,p2,p2,p2,p11,p2,p6,p5,p11,p7,p7,p11,p1,p6,p1,p7,p11,p4,p11,p4,p8,p3,p6,p5,p4,p4,p4,p9,p4,p6,p9,p4,p8,p5,p11,p5,p8,p9,p3,p6,p4,p2,p6,p7,p9,p3,p5,p3,p8,p9,p7,p3,p7,p5,p1,p8,p6,p4,p8,p3,p7,p5,p3,p3,p9,p7,p9,p9,p4,p10,p0,p5,p1,p10,p5,p3,p8,p10,p11,p1,p11,p5,p1,p5,p9,p1,p5,p5,p0,p8,p1,p7,p6,p10,p11,p4,p9,p5,p6,p1,p6,p10,p11,p2,p11,p1","p8,p7,p4,p9,p5,p1,p6,p10,p11,p2,p11,p1"
campaign_r1_task7_random,8,lemma2_head_bound,8,adv_bias,157,23,"p0,p0,p0,p3,p1,p8,p3,p0,p1,p9,p2,p0,p8,p9,p6,p0,p9,p4,p6,p2,p1,p10,p9,p9,p5,p9,p11,p1,p8,p6,p5,p10,p4,p6,p10,p7,p4,p9,p10,p8,p9,p5,p11,p8,p0,p8,p0,p0,p8,p5,p6,p3,p2,p2,p2,p11,p2,p6,p5,p11,p7,p7,p11,p1,p6,p1,p7,p11,p4,p11,p4,p8,p3,p6,p5,p4,p4,p4,p9,p4,p6,p9,p4,p8,p5,p11,p5,p8,p9,p3,p6,p4,p2,p6,p7,p9,p3,p5,p3,p8,p9,p7,p3,p7,p5,p1,p8,p6,p4,p8,p3,p7,p5,p3,p3,p9,p7,p9,p9,p4,p10,p0,p5,p1,p10,p5,p3,p8,p10,p11,p1,p11,p5,p1,p5,p9,p1,p5,p5,p0,p8,p1,p7,p6,p10,p11,p4,p9,p5,p6,p1,p6,p10,p11,p2,p11,p1","p4,p10,p11,p9,p1,p5,p0,p8,p7,p6,p10,p11,p4,p9,p5,p6,p1,p6,p10,p11,p2,p11,p1"
campaign_r1_task7_random,11,lemma1_chain_monotone,5,adv_bias,41,9,"p4,p0,p4,p0,p0,p0,p0,p0,p0,p2,p0,p2,p0,p4,p0,p0,p2,p4,p2,p0,p2,p4,p5,p3,p0,p0,p0,p1,p2,p4,p5,p0,p3,p5,p0,p0,p3,p5,p3,p1,p0","p1,p2,p4,p0,p3,p5,p3,p1,p0"
campaign_r1_task7_random,13,lemma1_chain_monotone,4,adv_bias,39,15,"p1,p1,p1,p5,p5,p5,p6,p1,p6,p5,p6,p5,p1,p1,p6,p1,p5,p4,p1,p1,p1,p3,p1,p7,p8,p1,p3,p2,p3,p3,p3,p7,p7,p7,p2,p2,p3,p7,p7","p6,p5,p4,p3,p1,p7,p8,p1,p3,p2,p3,p7,p2,p3,p7"
campaign_r1_task7_random,13,lemma2_head_bound,4,adv_bias,39,15,"p1,p1,p1,p5,p5,p5,p6,p1,p6,p5,p6,p5,p1,p1,p6,p1,p5,p4,p1,p1,p1,p3,p1,p7,p8,p1,p3,p2,p3,p3,p3,p7,p7,p7,p2,p2,p3,p7,p7","p6,p5,p4,p3,p1,p7,p8,p1,p3,p2,p3,p7,p2,p3,p7"
campaign_r1_task7_random,13,lemma1_chain_monotone,4,adv_bias,39,15,"p1,p1,p1,p5,p5,p5,p6,p1,p6,p5,p6,p5,p1,p1,p6,p1,p5,p4,p1,p1,p1,p3,p1,p7,p8,p1,p3,p2,p3,p3,p3,p7,p7,p7,p2,p2,p3,p7,p7","p6,p5,p4,p3,p1,p7,p8,p1,p3,p2,p3,p7,p2,p3,p7"
campaign_r1_task7_random,13,lemma2_head_bound,4,adv_bias,39,15,"p1,p1,p1,p5,p5,p5,p6,p1,p6,p5,p6,p5,p1,p1,p6,p1,p5,p4,p1,p1,p1,p3,p1,p7,p8,p1,p3,p2,p3,p3,p3,p7,p7,p7,p2,p2,p3,p7,p7","p6,p5,p4,p3,p1,p7,p8,p1,p3,p2,p3,p7,p2,p3,p7"
campaign_r1_task7_random,14,lemma1_chain_monotone,8,adv_bias,92,12,"p5,p7,p4,p5,p7,p4,p8,p5,p4,p6,p7,p0,p0,p8,p4,p6,p7,p3,p1,p4,p0,p7,p3,p7,p8,p7,p8,p3,p4,p8,p7,p0,p3,p1,p6,p4,p0,p1,p0,p7,p0,p6,p7,p1,p7,p3,p8,p3,p1,p6,p1,p5,p8,p4,p0,p1,p6,p7,p3,p2,p3,p1,p2,p5,p4,p2,p3,p1,p3,p5,p4,p3,p6,p1,p8,p2,p1,p2,p1,p8,p1,p3,p1,p8,p5,p2,p6,p7,p5,p0,p0,p3","p0,p7,p4,p3,p1,p8,p5,p2,p6,p5,p0,p3"
campaign_r1_task7_random,18,lemma1_chain_monotone,4,near_tie,21,7,"p7,p7,p7,p7,p1,p8,p7,p4,p7,p3,p9,p2,p0,p0,p4,p9,p3,p0,p0,p6,p6","p7,p2,p4,p9,p3,p0,p6"
campaign_r1_task7_random,18,lemma2_head_bound,4,near_tie,21,7,"p7,p7,p7,p7,p1,p8,p7,p4,p7,p3,p9,p2,p0,p0,p4,p9,p3,p0,p0,p6,p6","p7,p2,p4,p9,p3,p0,p6"
campaign_r1_task7_random,28,lemma1_chain_monotone,8,adv_bias,63,12,"p7,p7,p7,p0,p8,p2,p0,p1,p0,p8,p2,p8,p0,p1,p11,p11,p4,p3,p8,p0,p14,p3,p7,p0,p6,p10,p16,p3,p8,p3,p7,p7,p5,p0,p0,p6,p17,p0,p2,p6,p6,p6,p10,p3,p2,p4,p8,p5,p8,p2,p15,p3,p10,p5,p11,p4,p8,p7,p4,p4,p6,p4,p10","p6,p15,p3,p10,p5,p11,p4,p8,p7,p4,p6,p10"
campaign_r1_task7_random,28,lemma1_chain_monotone,8,adv_bias,63,12,"p7,p7,p7,p0,p8,p2,p0,p1,p0,p8,p2,p8,p0,p1,p11,p11,p4,p3,p8,p0,p14,p3,p7,p0,p6,p10,p16,p3,p8,p3,p7,p7,p5,p0,p0,p6,p17,p0,p2,p6,p6,p6,p10,p3,p2,p4,p8,p5,p8,p2,p15,p3,p10,p5,p11,p4,p8,p7,p4,p4,p6,p4,p10","p6,p15,p3,p10,p5,p11,p4,p8,p7,p4,p6,p10"
campaign_r1_task7_random,28,lemma2_head_bound,8,adv_bias,63,21,"p7,p7,p7,p0,p8,p2,p0,p1,p0,p8,p2,p8,p0,p1,p11,p11,p4,p3,p8,p0,p14,p3,p7,p0,p6,p10,p16,p3,p8,p3,p7,p7,p5,p0,p0,p6,p17,p0,p2,p6,p6,p6,p10,p3,p2,p4,p8,p5,p8,p2,p15,p3,p10,p5,p11,p4,p8,p7,p4,p4,p6,p4,p10","p5,p17,p0,p6,p10,p3,p4,p8,p2,p15,p3,p10,p5,p11,p4,p8,p7,p4,p6,p4,p10"
campaign_r1_task7_random,28,lemma1_chain_monotone,8,adv_bias,63,12,"p7,p7,p7,p0,p8,p2,p0,p1,p0,p8,p2,p8,p0,p1,p11,p11,p4,p3,p8,p0,p14,p3,p7,p0,p6,p10,p16,p3,p8,p3,p7,p7,p5,p0,p0,p6,p17,p0,p2,p6,p6,p6,p10,p3,p2,p4,p8,p5,p8,p2,p15,p3,p10,p5,p11,p4,p8,p7,p4,p4,p6,p4,p10","p6,p15,p3,p10,p5,p11,p4,p8,p7,p4,p6,p10"
campaign_r1_task7_random,28,lemma2_head_bound,8,adv_bias,63,21,"p7,p7,p7,p0,p8,p2,p0,p1,p0,p8,p2,p8,p0,p1,p11,p11,p4,p3,p8,p0,p14,p3,p7,p0,p6,p10,p16,p3,p8,p3,p7,p7,p5,p0,p0,p6,p17,p0,p2,p6,p6,p6,p10,p3,p2,p4,p8,p5,p8,p2,p15,p3,p10,p5,p11,p4,p8,p7,p4,p4,p6,p4,p10","p5,p17,p0,p6,p10,p3,p4,p8,p2,p15,p3,p10,p5,p11,p4,p8,p7,p4,p6,p4,p10"
campaign_r1_task7_random,32,lemma1_chain_monotone,6,adv_bias,76,10,"p1,p1,p1,p1,p1,p1,p1,p6,p1,p4,p6,p3,p6,p1,p6,p1,p6,p1,p1,p9,p9,p6,p6,p9,p5,p5,p9,p1,p4,p5,p6,p1,p3,p6,p4,p1,p5,p5,p1,p6,p5,p1,p3,p6,p6,p6,p4,p1,p9,p5,p6,p5,p3,p3,p5,p6,p6,p9,p3,p9,p9,p3,p5,p9,p9,p9,p9,p9,p9,p7,p9,p3,p5,p9,p5,p9","p4,p1,p6,p3,p5,p9,p7,p3,p5,p9"
campaign_r1_task7_random,41,lemma1_chain_monotone,8,adv_bias,91,12,"p3,p3,p3,p3,p3,p3,p2,p3,p3,p0,p0,p8,p3,p4,p8,p3,p3,p4,p3,p7,p1,p3,p1,p2,p8,p0,p4,p7,p4,p3,p1,p3,p3,p3,p8,p8,p5,p3,p3,p3,p1,p3,p3,p3,p1,p6,p2,p6,p1,p5,p9,p2,p3,p2,p2,p2,p2,p2,p6,p2,p1,p2,p2,p1,p2,p2,p2,p2,p2,p2,p9,p2,p5,p9,p5,p1,p5,p2,p0,p2,p2,p5,p0,p3,p8,p1,p2,p0,p2,p9,p5","p4,p6,p9,p5,p3,p8,p1,p2,p0,p2,p9,p5"
campaign_r1_task7_random,55,lemma2_head_bound,3,adv_bias,53,8,"p4,p0,p0,p0,p4,p0,p2,p2,p4,p4,p3,p2,p0,p1,p4,p3,p0,p0,p4,p3,p0,p3,p0,p0,p4,p4,p4,p2,p4,p2,p4,p0,p4,p3,p4,p2,p2,p2,p2,p2,p0,p3,p1,p1,p3,p1,p4,p2,p3,p4,p3,p3,p3","p3,p4,p2,p0,p1,p2,p3,p4"
campaign_r1_task7_random,58,lemma1_chain_monotone,5,adv_bias,53,8,"p5,p5,p4,p8,p5,p4,p4,p4,p4,p4,p0,p4,p2,p4,p0,p4,p3,p3,p0,p0,p2,p4,p4,p4,p8,p8,p6,p8,p2,p8,p6,p8,p1,p1,p2,p2,p1,p2,p2,p3,p2,p2,p3,p2,p2,p1,p2,p2,p8,p2,p2,p6,p6","p0,p4,p3,p2,p1,p8,p2,p6"
campaign_r1_task7_random,60,lemma1_chain_monotone,6,adv_bias,79,13,"p3,p3,p9,p5,p3,p3,p5,p5,p3,p3,p3,p9,p3,p9,p3,p13,p3,p3,p6,p13,p5,p5,p7,p5,p4,p5,p5,p8,p5,p5,p8,p5,p5,p9,p5,p5,p5,p8,p9,p5,p8,p9,p2,p5,p8,p9,p2,p4,p9,p3,p8,p8,p5,p1,p0,p2,p3,p4,p6,p3,p8,p5,p4,p6,p2,p13,p2,p13,p8,p3,p5,p5,p13,p1,p2,p6,p2,p6,p1","p4,p6,p2,p8,p3,p5,p13,p1,p2,p6,p2,p6,p1"
campaign_r1_task7_random,60,lemma1_chain_monotone,6,adv_bias,79,13,"p3,p3,p9,p5,p3,p3,p5,p5,p3,p3,p3,p9,p3,p9,p3,p13,p3,p3,p6,p13,p5,p5,p7,p5,p4,p5,p5,p8,p5,p5,p8,p5,p5,p9,p5,p5,p5,p8,p9,p5,p8,p9,p2,p5,p8,p9,p2,p4,p9,p3,p8,p8,p5,p1,p0,p2,p3,p4,p6,p3,p8,p5,p4,p6,p2,p13,p2,p13,p8,p3,p5,p5,p13,p1,p2,p6,p2,p6,p1","p4,p6,p2,p8,p3,p5,p13,p1,p2,p6,p2,p6,p1"
campaign_r1_task7_random,60,lemma2_head_bound,6,adv_bias,79,22,"p3,p3,p9,p5,p3,p3,p5,p5,p3,p3,p3,p9,p3,p9,p3,p13,p3,p3,p6,p13,p5,p5,p7,p5,p4,p5,p5,p8,p5,p5,p8,p5,p5,p9,p5,p5,p5,p8,p9,p5,p8,p9,p2,p5,p8,p9,p2,p4,p9,p3,p8,p8,p5,p1,p0,p2,p3,p4,p6,p3,p8,p5,p4,p6,p2,p13,p2,p13,p8,p3,p5,p5,p13,p1,p2,p6,p2,p6,p1","p9,p8,p1,p0,p2,p3,p4,p6,p8,p5,p6,p2,p13,p2,p13,p3,p5,p13,p1,p2,p6,p1"
campaign_r1_task7_random,71,lemma1_chain_monotone,8,near_tie,58,12,"p8,p7,p3,p0,p6,p2,p3,p11,p7,p6,p3,p3,p1,p8,p11,p10,p0,p10,p4,p5,p4,p10,p16,p11,p10,p3,p4,p11,p1,p8,p5,p0,p14,p3,p5,p9,p4,p4,p0,p10,p0,p5,p0,p2,p3,p14,p1,p0,p1,p7,p3,p3,p5,p3,p0,p8,p8,p6","p4,p11,p9,p10,p14,p1,p7,p5,p3,p0,p8,p6"
campaign_r1_task7_random,71,lemma2_head_bound,8,near_tie,58,12,"p8,p7,p3,p0,p6,p2,p3,p11,p7,p6,p3,p3,p1,p8,p11,p10,p0,p10,p4,p5,p4,p10,p16,p11,p10,p3,p4,p11,p1,p8,p5,p0,p14,p3,p5,p9,p4,p4,p0,p10,p0,p5,p0,p2,p3,p14,p1,p0,p1,p7,p3,p3,p5,p3,p0,p8,p8,p6","p4,p11,p9,p10,p14,p1,p7,p5,p3,p0,p8,p6"
campaign_r1_task7_random,71,lemma1_chain_monotone,8,near_tie,58,12,"p8,p7,p3,p0,p6,p2,p3,p11,p7,p6,p3,p3,p1,p8,p11,p10,p0,p10,p4,p5,p4,p10,p16,p11,p10,p3,p4,p11,p1,p8,p5,p0,p14,p3,p5,p9,p4,p4,p0,p10,p0,p5,p0,p2,p3,p14,p1,p0,p1,p7,p3,p3,p5,p3,p0,p8,p8,p6","p4,p11,p9,p10,p14,p1,p7,p5,p3,p0,p8,p6"
campaign_r1_task7_random,71,lemma2_head_bound,8,near_tie,58,12,"p8,p7,p3,p0,p6,p2,p3,p11,p7,p6,p3,p3,p1,p8,p11,p10,p0,p10,p4,p5,p4,p10,p16,p11,p10,p3,p4,p11,p1,p8,p5,p0,p14,p3,p5,p9,p4,p4,p0,p10,p0,p5,p0,p2,p3,p14,p1,p0,p1,p7,p3,p3,p5,p3,p0,p8,p8,p6","p4,p11,p9,p10,p14,p1,p7,p5,p3,p0,p8,p6"
campaign_r1_task7_random,77,lemma1_chain_monotone,4,adv_bias,48,8,"p0,p0,p0,p3,p0,p0,p0,p0,p0,p0,p2,p0,p0,p0,p2,p2,p0,p0,p0,p0,p0,p0,p0,p0,p0,p0,p0,p1,p0,p0,p0,p0,p0,p4,p1,p1,p0,p0,p0,p0,p3,p3,p0,p2,p0,p0,p3,p3","p3,p2,p0,p4,p1,p3,p2,p0"
campaign_r1_task7_random,79,lemma1_chain_monotone,5,adv_bias,39,9,"p5,p5,p5,p5,p0,p5,p2,p5,p6,p2,p4,p3,p5,p3,p5,p5,p2,p0,p2,p3,p5,p1,p3,p3,p6,p0,p3,p2,p3,p3,p3,p3,p2,p5,p2,p2,p4,p2,p3","p1,p6,p0,p3,p5,p2,p4,p2,p3"
campaign_r1_task7_random,81,lemma1_chain_monotone,3,adv_bias,41,9,"p3,p0,p1,p0,p3,p1,p0,p0,p3,p0,p4,p0,p0,p0,p0,p0,p1,p0,p0,p5,p2,p2,p0,p4,p1,p5,p0,p3,p2,p4,p4,p2,p1,p7,p7,p3,p5,p1,p4,p5,p3","p0,p3,p2,p4,p1,p7,p3,p1,p4"
campaign_r1_task7_random,81,lemma1_chain_monotone,3,adv_bias,41,9,"p3,p0,p1,p0,p3,p1,p0,p0,p3,p0,p4,p0,p0,p0,p0,p0,p1,p0,p0,p5,p2,p2,p0,p4,p1,p5,p0,p3,p2,p4,p4,p2,p1,p7,p7,p3,p5,p1,p4,p5,p3","p0,p3,p2,p4,p1,p7,p3,p1,p4"
campaign_r1_task7_random,81,lemma2_head_bound,3,adv_bias,41,12,"p3,p0,p1,p0,p3,p1,p0,p0,p3,p0,p4,p0,p0,p0,p0,p0,p1,p0,p0,p5,p2,p2,p0,p4,p1,p5,p0,p3,p2,p4,p4,p2,p1,p7,p7,p3,p5,p1,p4,p5,p3","p1,p0,p4,p2,p1,p7,p3,p5,p1,p4,p5,p3"
campaign_r1_task7_random,96,lemma1_chain_monotone,8,adv_bias,158,11,"p4,p4,p4,p7,p6,p1,p3,p1,p7,p5,p4,p1,p4,p11,p7,p4,p7,p4,p7,p5,p4,p11,p4,p2,p10,p4,p4,p6,p8,p6,p1,p8,p0,p8,p2,p9,p0,p7,p1,p9,p11,p0,p9,p2,p1,p10,p1,p6,p6,p1,p5,p1,p5,p3,p1,p9,p3,p2,p5,p1,p2,p1,p2,p2,p11,p1,p2,p8,p2,p5,p4,p2,p2,p4,p3,p11,p6,p10,p3,p4,p11,p6,p2,p6,p4,p3,p4,p1,p2,p0,p6,p11,p11,p4,p10,p10,p2,p5,p8,p3,p10,p8,p8,p3,p8,p3,p9,p9,p7,p0,p0,p9,p9,p2,p7,p10,p7,p5,p9,p3,p9,p6,p2,p9,p7,p1,p9,p2,p4,p1,p6,p2,p4,p8,p3,p3,p2,p3,p2,p9,p0,p1,p3,p10,p6,p10,p9,p2,p1,p0,p7,p4,p8,p0,p7,p6,p1,p5","p10,p9,p2,p1,p4,p8,p0,p7,p6,p1,p5"
campaign_r1_task7_random,96,lemma1_chain_monotone,8,adv_bias,158,11,"p4,p4,p4,p7,p6,p1,p3,p1,p7,p5,p4,p1,p4,p11,p7,p4,p7,p4,p7,p5,p4,p11,p4,p2,p10,p4,p4,p6,p8,p6,p1,p8,p0,p8,p2,p9,p0,p7,p1,p9,p11,p0,p9,p2,p1,p10,p1,p6,p6,p1,p5,p1,p5,p3,p1,p9,p3,p2,p5,p1,p2,p1,p2,p2,p11,p1,p2,p8,p2,p5,p4,p2,p2,p4,p3,p11,p6,p10,p3,p4,p11,p6,p2,p6,p4,p3,p4,p1,p2,p0,p6,p11,p11,p4,p10,p10,p2,p5,p8,p3,p10,p8,p8,p3,p8,p3,p9,p9,p7,p0,p0,p9,p9,p2,p7,p10,p7,p5,p9,p3,p9,p6,p2,p9,p7,p1,p9,p2,p4,p1,p6,p2,p4,p8,p3,p3,p2,p3,p2,p9,p0,p1,p3,p10,p6,p10,p9,p2,p1,p0,p7,p4,p8,p0,p7,p6,p1,p5","p10,p9,p2,p1,p4,p8,p0,p7,p6,p1,p5"
campaign_r1_task7_random,96,lemma1_chain_monotone,8,adv_bias,158,11,"p4,p4,p4,p7,p6,p1,p3,p1,p7,p5,p4,p1,p4,p11,p7,p4,p7,p4,p7,p5,p4,p11,p4,p2,p10,p4,p4,p6,p8,p6,p1,p8,p0,p8,p2,p9,p0,p7,p1,p9,p11,p0,p9,p2,p1,p10,p1,p6,p6,p1,p5,p1,p5,p3,p1,p9,p3,p2,p5,p1,p2,p1,p2,p2,p11,p1,p2,p8,p2,p5,p4,p2,p2,p4,p3,p11,p6,p10,p3,p4,p11,p6,p2,p6,p4,p3,p4,p1,p2,p0,p6,p11,p11,p4,p10,p10,p2,p5,p8,p3,p10,p8,p8,p3,p8,p3,p9,p9,p7,p0,p0,p9,p9,p2,p7,p10,p7,p5,p9,p3,p9,p6,p2,p9,p7,p1,p9,p2,p4,p1,p6,p2,p4,p8,p3,p3,p2,p3,p2,p9,p0,p1,p3,p10,p6,p10,p9,p2,p1,p0,p7,p4,p8,p0,p7,p6,p1,p5","p10,p9,p2,p1,p4,p8,p0,p7,p6,p1,p5"
campaign_r1_task7_random,108,lemma1_chain_monotone,6,adv_bias,37,11,"p2,p8,p2,p2,p8,p10,p1,p1,p8,p7,p5,p2,p5,p5,p7,p5,p1,p5,p13,p1,p9,p5,p2,p4,p2,p12,p1,p5,p2,p9,p9,p1,p4,p12,p4,p8,p12","p13,p12,p5,p2,p9,p1,p4,p12,p4,p8,p12"
campaign_r1_task7_random,108,lemma2_head_bound,6,adv_bias,37,11,"p2,p8,p2,p2,p8,p10,p1,p1,p8,p7,p5,p2,p5,p5,p7,p5,p1,p5,p13,p1,p9,p5,p2,p4,p2,p12,p1,p5,p2,p9,p9,p1,p4,p12,p4,p8,p12","p7,p13,p5,p2,p9,p1,p4,p12,p4,p8,p12"
campaign_r1_task7_random,114,lemma1_chain_monotone,4,adv_bias,21,9,"p2,p2,p5,p2,p3,p3,p5,p4,p6,p4,p6,p3,p6,p2,p6,p6,p4,p1,p2,p6,p0","p2,p5,p4,p6,p3,p4,p1,p2,p6"
campaign_r1_task7_random,114,lemma2_head_bound,4,adv_bias,21,11,"p2,p2,p5,p2,p3,p3,p5,p4,p6,p4,p6,p3,p6,p2,p6,p6,p4,p1,p2,p6,p0","p2,p5,p4,p6,p3,p6,p4,p1,p2,p6,p0"
campaign_r1_task7_random,119,lemma1_chain_monotone,5,adv_bias,87,9,"p4,p4,p4,p4,p4,p4,p1,p3,p8,p4,p1,p2,p0,p4,p4,p3,p2,p0,p2,p3,p0,p5,p8,p5,p3,p4,p0,p0,p0,p4,p2,p0,p1,p1,p0,p4,p3,p6,p6,p0,p8,p6,p6,p0,p0,p6,p6,p6,p0,p8,p5,p1,p0,p3,p2,p1,p3,p1,p2,p0,p6,p4,p2,p2,p0,p2,p2,p3,p6,p2,p2,p3,p6,p6,p1,p3,p1,p3,p3,p1,p5,p3,p2,p1,p3,p2,p0","p0,p2,p6,p1,p3,p5,p3,p2,p0"
campaign_r1_task7_random,119,lemma2_head_bound,5,adv_bias,87,34,"p4,p4,p4,p4,p4,p4,p1,p3,p8,p4,p1,p2,p0,p4,p4,p3,p2,p0,p2,p3,p0,p5,p8,p5,p3,p4,p0,p0,p0,p4,p2,p0,p1,p1,p0,p4,p3,p6,p6,p0,p8,p6,p6,p0,p0,p6,p6,p6,p0,p8,p5,p1,p0,p3,p2,p1,p3,p1,p2,p0,p6,p4,p2,p2,p0,p2,p2,p3,p6,p2,p2,p3,p6,p6,p1,p3,p1,p3,p3,p1,p5,p3,p2,p1,p3,p2,p0","p1,p4,p3,p6,p0,p8,p5,p0,p3,p1,p2,p0,p6,p4,p2,p0,p2,p3,p6,p2,p3,p6,p1,p3,p1,p3,p1,p5,p3,p2,p1,p3,p2,p0"
campaign_r1_task7_random,119,lemma1_chain_monotone,5,adv_bias,87,9,"p4,p4,p4,p4,p4,p4,p1,p3,p8,p4,p1,p2,p0,p4,p4,p3,p2,p0,p2,p3,p0,p5,p8,p5,p3,p4,p0,p0,p0,p4,p2,p0,p1,p1,p0,p4,p3,p6,p6,p0,p8,p6,p6,p0,p0,p6,p6,p6,p0,p8,p5,p1,p0,p3,p2,p1,p3,p1,p2,p0,p6,p4,p2,p2,p0,p2,p2,p3,p6,p2,p2,p3,p6,p6,p1,p3,p1,p3,p3,p1,p5,p3,p2,p1,p3,p2,p0","p0,p2,p6,p1,p3,p5,p3,p2,p0"
campaign_r1_task7_random,119,lemma1_chain_monotone,5,adv_bias,87,9,"p4,p4,p4,p4,p4,p4,p1,p3,p8,p4,p1,p2,p0,p4,p4,p3,p2,p0,p2,p3,p0,p5,p8,p5,p3,p4,p0,p0,p0,p4,p2,p0,p1,p1,p0,p4,p3,p6,p6,p0,p8,p6,p6,p0,p0,p6,p6,p6,p0,p8,p5,p1,p0,p3,p2,p1,p3,p1,p2,p0,p6,p4,p2,p2,p0,p2,p2,p3,p6,p2,p2,p3,p6,p6,p1,p3,p1,p3,p3,p1,p5,p3,p2,p1,p3,p2,p0","p0,p2,p6,p1,p3,p5,p3,p2,p0"
campaign_r1_task7_random,120,lemma1_chain_monotone,3,adv_bias,52,14,"p5,p5,p6,p5,p6,p2,p3,p6,p6,p3,p2,p5,p6,p6,p4,p4,p4,p0,p0,p4,p4,p0,p4,p1,p2,p2,p3,p3,p6,p6,p6,p5,p1,p5,p3,p6,p6,p1,p3,p6,p3,p3,p3,p0,p0,p0,p3,p0,p5,p0,p0,p4","p3,p0,p4,p2,p1,p3,p6,p3,p0,p3,p0,p5,p0,p4"
campaign_r1_task7_random,120,lemma1_chain_monotone,3,adv_bias,52,14,"p5,p5,p6,p5,p6,p2,p3,p6,p6,p3,p2,p5,p6,p6,p4,p4,p4,p0,p0,p4,p4,p0,p4,p1,p2,p2,p3,p3,p6,p6,p6,p5,p1,p5,p3,p6,p6,p1,p3,p6,p3,p3,p3,p0,p0,p0,p3,p0,p5,p0,p0,p4","p3,p0,p4,p2,p1,p3,p6,p3,p0,p3,p0,p5,p0,p4"
campaign_r1_task7_random,133,lemma1_chain_monotone,5,adv_bias,36,9,"p5,p4,p3,p0,p0,p0,p1,p1,p4,p3,p2,p4,p4,p2,p4,p3,p3,p3,p3,p4,p3,p5,p2,p0,p3,p0,p3,p1,p2,p2,p0,p4,p4,p4,p3,p2","p4,p5,p2,p3,p1,p0,p4,p3,p2"
campaign_r1_task7_random,136,lemma1_chain_monotone,8,adv_bias,137,11,"p0,p17,p17,p1,p0,p14,p12,p12,p0,p0,p12,p0,p12,p14,p5,p10,p17,p8,p8,p8,p0,p1,p13,p1,p11,p8,p11,p1,p9,p0,p5,p5,p11,p1,p11,p3,p1,p11,p5,p15,p14,p2,p3,p7,p5,p3,p10,p8,p4,p10,p11,p11,p11,p11,p5,p2,p5,p3,p3,p11,p11,p2,p2,p17,p11,p0,p1,p10,p8,p4,p11,p3,p3,p9,p3,p3,p3,p3,p4,p12,p1,p15,p3,p3,p14,p3,p3,p8,p3,p2,p16,p4,p11,p12,p4,p7,p7,p11,p4,p15,p3,p5,p2,p4,p13,p10,p9,p12,p10,p10,p15,p7,p4,p0,p4,p9,p0,p0,p11,p10,p4,p10,p3,p8,p4,p9,p7,p15,p10,p5,p7,p4,p3,p3,p2,p17,p15","p8,p9,p15,p10,p5,p7,p4,p3,p2,p17,p15"
campaign_r1_task7_random,136,lemma1_chain_monotone,8,adv_bias,137,11,"p0,p17,p17,p1,p0,p14,p12,p12,p0,p0,p12,p0,p12,p14,p5,p10,p17,p8,p8,p8,p0,p1,p13,p1,p11,p8,p11,p1,p9,p0,p5,p5,p11,p1,p11,p3,p1,p11,p5,p15,p14,p2,p3,p7,p5,p3,p10,p8,p4,p10,p11,p11,p11,p11,p5,p2,p5,p3,p3,p11,p11,p2,p2,p17,p11,p0,p1,p10,p8,p4,p11,p3,p3,p9,p3,p3,p3,p3,p4,p12,p1,p15,p3,p3,p14,p3,p3,p8,p3,p2,p16,p4,p11,p12,p4,p7,p7,p11,p4,p15,p3,p5,p2,p4,p13,p10,p9,p12,p10,p10,p15,p7,p4,p0,p4,p9,p0,p0,p11,p10,p4,p10,p3,p8,p4,p9,p7,p15,p10,p5,p7,p4,p3,p3,p2,p17,p15","p8,p9,p15,p10,p5,p7,p4,p3,p2,p17,p15"
campaign_r1_task7_random,136,lemma1_chain_monotone,8,adv_bias,137,11,"p0,p17,p17,p1,p0,p14,p12,p12,p0,p0,p12,p0,p12,p14,p5,p10,p17,p8,p8,p8,p0,p1,p13,p1,p11,p8,p11,p1,p9,p0,p5,p5,p11,p1,p11,p3,p1,p11,p5,p15,p14,p2,p3,p7,p5,p3,p10,p8,p4,p10,p11,p11,p11,p11,p5,p2,p5,p3,p3,p11,p11,p2,p2,p17,p11,p0,p1,p10,p8,p4,p11,p3,p3,p9,p3,p3,p3,p3,p4,p12,p1,p15,p3,p3,p14,p3,p3,p8,p3,p2,p16,p4,p11,p12,p4,p7,p7,p11,p4,p15,p3,p5,p2,p4,p13,p10,p9,p12,p10,p10,p15,p7,p4,p0,p4,p9,p0,p0,p11,p10,p4,p10,p3,p8,p4,p9,p7,p15,p10,p5,p7,p4,p3,p3,p2,p17,p15","p8,p9,p15,p10,p5,p7,p4,p3,p2,p17,p15"
campaign_r1_task7_random,136,lemma2_head_bound,8,adv_bias,137,16,"p0,p17,p17,p1,p0,p14,p12,p12,p0,p0,p12,p0,p12,p14,p5,p10,p17,p8,p8,p8,p0,p1,p13,p1,p11,p8,p11,p1,p9,p0,p5,p5,p11,p1,p11,p3,p1,p11,p5,p15,p14,p2,p3,p7,p5,p3,p10,p8,p4,p10,p11,p11,p11,p11,p5,p2,p5,p3,p3,p11,p11,p2,p2,p17,p11,p0,p1,p10,p8,p4,p11,p3,p3,p9,p3,p3,p3,p3,p4,p12,p1,p15,p3,p3,p14,p3,p3,p8,p3,p2,p16,p4,p11,p12,p4,p7,p7,p11,p4,p15,p3,p5,p2,p4,p13,p10,p9,p12,p10,p10,p15,p7,p4,p0,p4,p9,p0,p0,p11,p10,p4,p10,p3,p8,p4,p9,p7,p15,p10,p5,p7,p4,p3,p3,p2,p17,p15","p13,p12,p11,p8,p4,p9,p7,p15,p10,p5,p7,p4,p3,p2,p17,p15"
campaign_r1_task7_random,140,lemma1_chain_monotone,3,adv_bias,43,7,"p3,p4,p0,p0,p3,p4,p2,p4,p0,p3,p2,p3,p0,p4,p1,p1,p4,p1,p2,p2,p1,p1,p4,p4,p1,p4,p4,p1,p1,p4,p4,p4,p2,p2,p1,p4,p3,p0,p1,p2,p4,p1,p2","p2,p1,p4,p0,p4,p1,p2"
campaign_r1_task7_random,140,lemma1_chain_monotone,3,adv_bias,43,7,"p3,p4,p0,p0,p3,p4,p2,p4,p0,p3,p2,p3,p0,p4,p1,p1,p4,p1,p2,p2,p1,p1,p4,p4,p1,p4,p4,p1,p1,p4,p4,p4,p2,p2,p1,p4,p3,p0,p1,p2,p4,p1,p2","p2,p1,p4,p0,p4,p1,p2"
campaign_r1_task7_random,140,lemma1_chain_monotone,3,adv_bias,43,7,"p3,p4,p0,p0,p3,p4,p2,p4,p0,p3,p2,p3,p0,p4,p1,p1,p4,p1,p2,p2,p1,p1,p4,p4,p1,p4,p4,p1,p1,p4,p4,p4,p2,p2,p1,p4,p3,p0,p1,p2,p4,p1,p2","p2,p1,p4,p0,p4,p1,p2"
campaign_r1_task7_random,140,lemma2_head_bound,3,adv_bias,43,18,"p3,p4,p0,p0,p3,p4,p2,p4,p0,p3,p2,p3,p0,p4,p1,p1,p4,p1,p2,p2,p1,p1,p4,p4,p1,p4,p4,p1,p1,p4,p4,p4,p2,p2,p1,p4,p3,p0,p1,p2,p4,p1,p2","p3,p0,p1,p4,p1,p2,p1,p4,p1,p4,p1,p2,p4,p3,p0,p4,p1,p2"
campaign_r1_task7_random,151,lemma1_chain_monotone,2,adv_bias,10,6,"p4,p4,p4,p4,p0,p2,p2,p4,p3,p2","p4,p0,p2,p4,p3,p2"
campaign_r1_task7_random,151,lemma2_head_bound,2,adv_bias,10,6,"p4,p4,p4,p4,p0,p2,p2,p4,p3,p2","p4,p0,p2,p4,p3,p2"
campaign_r1_task7_random,152,lemma1_chain_monotone,8,near_tie,59,11,"p13,p13,p13,p13,p1,p13,p7,p10,p4,p7,p13,p13,p4,p13,p13,p7,p13,p13,p13,p7,p1,p10,p4,p8,p13,p9,p13,p4,p10,p13,p13,p8,p13,p4,p4,p13,p8,p13,p13,p13,p4,p4,p13,p4,p5,p4,p17,p5,p13,p5,p4,p6,p4,p4,p5,p4,p4,p2,p9","p7,p1,p10,p8,p17,p13,p6,p5,p4,p2,p9"
campaign_r1_task7_random,152,lemma2_head_bound,8,near_tie,59,11,"p13,p13,p13,p13,p1,p13,p7,p10,p4,p7,p13,p13,p4,p13,p13,p7,p13,p13,p13,p7,p1,p10,p4,p8,p13,p9,p13,p4,p10,p13,p13,p8,p13,p4,p4,p13,p8,p13,p13,p13,p4,p4,p13,p4,p5,p4,p17,p5,p13,p5,p4,p6,p4,p4,p5,p4,p4,p2,p9","p7,p1,p10,p8,p17,p13,p6,p5,p4,p2,p9"
campaign_r1_task7_random,161,lemma1_chain_monotone,8,adv_bias,96,11,"p12,p9,p13,p5,p9,p9,p3,p12,p13,p13,p11,p9,p0,p0,p1,p11,p6,p0,p2,p2,p6,p1,p6,p1,p11,p1,p1,p11,p6,p0,p11,p16,p10,p10,p10,p2,p11,p11,p0,p7,p11,p12,p12,p12,p6,p11,p2,p10,p11,p6,p5,p11,p0,p2,p3,p11,p6,p2,p7,p10,p15,p11,p5,p2,p5,p11,p9,p0,p3,p3,p2,p11,p15,p1,p5,p2,p15,p9,p17,p11,p2,p7,p16,p11,p12,p2,p16,p11,p15,p3,p11,p11,p8,p12,p7,p8","p9,p17,p7,p2,p16,p15,p3,p11,p12,p7,p8"
campaign_r1_task7_random,161,lemma1_chain_monotone,8,adv_bias,96,11,"p12,p9,p13,p5,p9,p9,p3,p12,p13,p13,p11,p9,p0,p0,p1,p11,p6,p0,p2,p2,p6,p1,p6,p1,p11,p1,p1,p11,p6,p0,p11,p16,p10,p10,p10,p2,p11,p11,p0,p7,p11,p12,p12,p12,p6,p11,p2,p10,p11,p6,p5,p11,p0,p2,p3,p11,p6,p2,p7,p10,p15,p11,p5,p2,p5,p11,p9,p0,p3,p3,p2,p11,p15,p1,p5,p2,p15,p9,p17,p11,p2,p7,p16,p11,p12,p2,p16,p11,p15,p3,p11,p11,p8,p12,p7,p8","p9,p17,p7,p2,p16,p15,p3,p11,p12,p7,p8"
campaign_r1_task7_random,161,lemma2_head_bound,8,adv_bias,96,11,"p12,p9,p13,p5,p9,p9,p3,p12,p13,p13,p11,p9,p0,p0,p1,p11,p6,p0,p2,p2,p6,p1,p6,p1,p11,p1,p1,p11,p6,p0,p11,p16,p10,p10,p10,p2,p11,p11,p0,p7,p11,p12,p12,p12,p6,p11,p2,p10,p11,p6,p5,p11,p0,p2,p3,p11,p6,p2,p7,p10,p15,p11,p5,p2,p5,p11,p9,p0,p3,p3,p2,p11,p15,p1,p5,p2,p15,p9,p17,p11,p2,p7,p16,p11,p12,p2,p16,p11,p15,p3,p11,p11,p8,p12,p7,p8","p5,p15,p9,p17,p2,p16,p3,p11,p12,p7,p8"
campaign_r1_task7_random,165,lemma1_chain_monotone,3,adv_bias,54,7,"p6,p6,p1,p6,p6,p2,p1,p6,p2,p0,p2,p6,p1,p6,p2,p1,p1,p2,p3,p0,p2,p0,p1,p2,p1,p6,p2,p2,p3,p1,p1,p2,p1,p1,p1,p2,p1,p6,p2,p1,p3,p1,p2,p2,p1,p3,p3,p3,p3,p3,p3,p3,p3,p3","p3,p1,p2,p6,p3,p1,p2"
campaign_r1_task7_random,165,lemma1_chain_monotone,3,adv_bias,54,7,"p6,p6,p1,p6,p6,p2,p1,p6,p2,p0,p2,p6,p1,p6,p2,p1,p1,p2,p3,p0,p2,p0,p1,p2,p1,p6,p2,p2,p3,p1,p1,p2,p1,p1,p1,p2,p1,p6,p2,p1,p3,p1,p2,p2,p1,p3,p3,p3,p3,p3,p3,p3,p3,p3","p3,p1,p2,p6,p3,p1,p2"
campaign_r1_task7_random,165,lemma2_head_bound,3,adv_bias,54,21,"p6,p6,p1,p6,p6,p2,p1,p6,p2,p0,p2,p6,p1,p6,p2,p1,p1,p2,p3,p0,p2,p0,p1,p2,p1,p6,p2,p2,p3,p1,p1,p2,p1,p1,p1,p2,p1,p6,p2,p1,p3,p1,p2,p2,p1,p3,p3,p3,p3,p3,p3,p3,p3,p3","p3,p0,p1,p2,p1,p6,p2,p3,p1,p2,p1,p2,p1,p6,p2,p1,p3,p1,p2,p1,p3"
campaign_r1_task7_random,171,lemma1_chain_monotone,3,adv_bias,54,7,"p0,p2,p4,p0,p2,p2,p2,p2,p4,p2,p2,p3,p2,p4,p0,p0,p3,p0,p4,p2,p3,p0,p4,p4,p2,p4,p2,p4,p4,p2,p4,p2,p3,p1,p3,p2,p0,p3,p2,p2,p2,p3,p1,p2,p2,p2,p2,p2,p3,p0,p1,p3,p4,p3","p0,p1,p2,p3,p1,p4,p3"
campaign_r1_task7_random,171,lemma1_chain_monotone,3,adv_bias,54,7,"p0,p2,p4,p0,p2,p2,p2,p2,p4,p2,p2,p3,p2,p4,p0,p0,p3,p0,p4,p2,p3,p0,p4,p4,p2,p4,p2,p4,p4,p2,p4,p2,p3,p1,p3,p2,p0,p3,p2,p2,p2,p3,p1,p2,p2,p2,p2,p2,p3,p0,p1,p3,p4,p3","p0,p1,p2,p3,p1,p4,p3"
campaign_r1_task7_random,171,lemma1_chain_monotone,3,adv_bias,54,7,"p0,p2,p4,p0,p2,p2,p2,p2,p4,p2,p2,p3,p2,p4,p0,p0,p3,p0,p4,p2,p3,p0,p4,p4,p2,p4,p2,p4,p4,p2,p4,p2,p3,p1,p3,p2,p0,p3,p2,p2,p2,p3,p1,p2,p2,p2,p2,p2,p3,p0,p1,p3,p4,p3","p0,p1,p2,p3,p1,p4,p3"
campaign_r1_task7_random,177,lemma2_head_bound,2,adv_bias,40,12,"p3,p3,p3,p1,p3,p3,p3,p3,p2,p3,p2,p1,p2,p3,p1,p3,p3,p2,p1,p3,p3,p3,p0,p0,p3,p1,p2,p0,p0,p0,p0,p0,p0,p0,p0,p3,p0,p0,p0,p3","p2,p1,p3,p1,p3,p2,p1,p3,p0,p3,p2,p0"
campaign_r1_task7_random,179,lemma1_chain_monotone,4,adv_bias,68,7,"p5,p5,p7,p4,p0,p7,p0,p0,p5,p2,p7,p5,p5,p6,p0,p2,p4,p3,p3,p8,p3,p8,p4,p4,p8,p0,p6,p7,p6,p8,p3,p7,p7,p1,p7,p6,p5,p7,p3,p7,p1,p7,p2,p4,p0,p7,p1,p7,p7,p0,p1,p0,p0,p1,p0,p0,p0,p2,p5,p4,p7,p3,p4,p7,p1,p1,p4,p5","p1,p0,p3,p4,p7,p1,p5"
campaign_r1_task7_random,182,lemma1_chain_monotone,6,adv_bias,111,10,"p5,p2,p0,p5,p2,p6,p0,p5,p7,p2,p5,p5,p1,p5,p4,p5,p0,p7,p5,p2,p1,p7,p0,p2,p6,p7,p2,p4,p2,p7,p3,p0,p3,p4,p7,p0,p4,p2,p2,p2,p6,p2,p6,p5,p7,p6,p5,p1,p3,p6,p3,p5,p6,p5,p6,p3,p5,p4,p3,p6,p3,p1,p4,p4,p4,p4,p2,p4,p2,p4,p7,p0,p3,p1,p1,p6,p6,p7,p3,p4,p2,p7,p3,p4,p7,p2,p6,p5,p6,p6,p2,p7,p2,p1,p4,p3,p2,p5,p3,p6,p0,p7,p4,p2,p4,p5,p3,p3,p2,p0,p5","p6,p0,p7,p2,p4,p5,p3,p2,p0,p5"
campaign_r1_task7_random,182,lemma1_chain_monotone,6,adv_bias,111,10,"p5,p2,p0,p5,p2,p6,p0,p5,p7,p2,p5,p5,p1,p5,p4,p5,p0,p7,p5,p2,p1,p7,p0,p2,p6,p7,p2,p4,p2,p7,p3,p0,p3,p4,p7,p0,p4,p2,p2,p2,p6,p2,p6,p5,p7,p6,p5,p1,p3,p6,p3,p5,p6,p5,p6,p3,p5,p4,p3,p6,p3,p1,p4,p4,p4,p4,p2,p4,p2,p4,p7,p0,p3,p1,p1,p6,p6,p7,p3,p4,p2,p7,p3,p4,p7,p2,p6,p5,p6,p6,p2,p7,p2,p1,p4,p3,p2,p5,p3,p6,p0,p7,p4,p2,p4,p5,p3,p3,p2,p0,p5","p6,p0,p7,p2,p4,p5,p3,p2,p0,p5"
campaign_r1_task7_random,182,lemma1_chain_monotone,6,adv_bias,111,10,"p5,p2,p0,p5,p2,p6,p0,p5,p7,p2,p5,p5,p1,p5,p4,p5,p0,p7,p5,p2,p1,p7,p0,p2,p6,p7,p2,p4,p2,p7,p3,p0,p3,p4,p7,p0,p4,p2,p2,p2,p6,p2,p6,p5,p7,p6,p5,p1,p3,p6,p3,p5,p6,p5,p6,p3,p5,p4,p3,p6,p3,p1,p4,p4,p4,p4,p2,p4,p2,p4,p7,p0,p3,p1,p1,p6,p6,p7,p3,p4,p2,p7,p3,p4,p7,p2,p6,p5,p6,p6,p2,p7,p2,p1,p4,p3,p2,p5,p3,p6,p0,p7,p4,p2,p4,p5,p3,p3,p2,p0,p5","p6,p0,p7,p2,p4,p5,p3,p2,p0,p5"
campaign_r1_task7_random,182,lemma1_chain_monotone,6,adv_bias,111,10,"p5,p2,p0,p5,p2,p6,p0,p5,p7,p2,p5,p5,p1,p5,p4,p5,p0,p7,p5,p2,p1,p7,p0,p2,p6,p7,p2,p4,p2,p7,p3,p0,p3,p4,p7,p0,p4,p2,p2,p2,p6,p2,p6,p5,p7,p6,p5,p1,p3,p6,p3,p5,p6,p5,p6,p3,p5,p4,p3,p6,p3,p1,p4,p4,p4,p4,p2,p4,p2,p4,p7,p0,p3,p1,p1,p6,p6,p7,p3,p4,p2,p7,p3,p4,p7,p2,p6,p5,p6,p6,p2,p7,p2,p1,p4,p3,p2,p5,p3,p6,p0,p7,p4,p2,p4,p5,p3,p3,p2,p0,p5","p6,p0,p7,p2,p4,p5,p3,p2,p0,p5"
campaign_r1_task7_random,182,lemma1_chain_monotone,6,adv_bias,111,10,"p5,p2,p0,p5,p2,p6,p0,p5,p7,p2,p5,p5,p1,p5,p4,p5,p0,p7,p5,p2,p1,p7,p0,p2,p6,p7,p2,p4,p2,p7,p3,p0,p3,p4,p7,p0,p4,p2,p2,p2,p6,p2,p6,p5,p7,p6,p5,p1,p3,p6,p3,p5,p6,p5,p6,p3,p5,p4,p3,p6,p3,p1,p4,p4,p4,p4,p2,p4,p2,p4,p7,p0,p3,p1,p1,p6,p6,p7,p3,p4,p2,p7,p3,p4,p7,p2,p6,p5,p6,p6,p2,p7,p2,p1,p4,p3,p2,p5,p3,p6,p0,p7,p4,p2,p4,p5,p3,p3,p2,p0,p5","p6,p0,p7,p2,p4,p5,p3,p2,p0,p5"
campaign_r1_task7_random,182,lemma1_chain_monotone,6,adv_bias,111,10,"p5,p2,p0,p5,p2,p6,p0,p5,p7,p2,p5,p5,p1,p5,p4,p5,p0,p7,p5,p2,p1,p7,p0,p2,p6,p7,p2,p4,p2,p7,p3,p0,p3,p4,p7,p0,p4,p2,p2,p2,p6,p2,p6,p5,p7,p6,p5,p1,p3,p6,p3,p5,p6,p5,p6,p3,p5,p4,p3,p6,p3,p1,p4,p4,p4,p4,p2,p4,p2,p4,p7,p0,p3,p1,p1,p6,p6,p7,p3,p4,p2,p7,p3,p4,p7,p2,p6,p5,p6,p6,p2,p7,p2,p1,p4,p3,p2,p5,p3,p6,p0,p7,p4,p2,p4,p5,p3,p3,p2,p0,p5","p6,p0,p7,p2,p4,p5,p3,p2,p0,p5"
campaign_r1_task7_random,182,lemma1_chain_monotone,6,adv_bias,111,10,"p5,p2,p0,p5,p2,p6,p0,p5,p7,p2,p5,p5,p1,p5,p4,p5,p0,p7,p5,p2,p1,p7,p0,p2,p6,p7,p2,p4,p2,p7,p3,p0,p3,p4,p7,p0,p4,p2,p2,p2,p6,p2,p6,p5,p7,p6,p5,p1,p3,p6,p3,p5,p6,p5,p6,p3,p5,p4,p3,p6,p3,p1,p4,p4,p4,p4,p2,p4,p2,p4,p7,p0,p3,p1,p1,p6,p6,p7,p3,p4,p2,p7,p3,p4,p7,p2,p6,p5,p6,p6,p2,p7,p2,p1,p4,p3,p2,p5,p3,p6,p0,p7,p4,p2,p4,p5,p3,p3,p2,p0,p5","p6,p0,p7,p2,p4,p5,p3,p2,p0,p5"
campaign_r1_task7_random,186,lemma1_chain_monotone,8,adv_bias,118,12,"p8,p3,p9,p8,p0,p0,p8,p0,p9,p0,p9,p4,p0,p6,p2,p3,p7,p6,p7,p8,p8,p8,p8,p8,p8,p9,p9,p9,p8,p5,p8,p3,p1,p8,p1,p1,p8,p4,p3,p4,p1,p1,p3,p2,p5,p8,p1,p3,p8,p2,p1,p1,p4,p2,p8,p1,p2,p5,p3,p3,p8,p8,p2,p2,p2,p9,p2,p2,p3,p5,p3,p0,p3,p7,p5,p0,p1,p6,p5,p9,p3,p3,p3,p1,p9,p3,p7,p5,p8,p4,p5,p7,p5,p8,p5,p1,p2,p1,p4,p7,p1,p1,p3,p5,p4,p3,p2,p3,p1,p0,p3,p3,p2,p3,p3,p1,p2,p1","p6,p9,p8,p1,p2,p7,p3,p5,p4,p1,p2,p3"
campaign_r1_task7_random,186,lemma1_chain_monotone,8,adv_bias,118,12,"p8,p3,p9,p8,p0,p0,p8,p0,p9,p0,p9,p4,p0,p6,p2,p3,p7,p6,p7,p8,p8,p8,p8,p8,p8,p9,p9,p9,p8,p5,p8,p3,p1,p8,p1,p1,p8,p4,p3,p4,p1,p1,p3,p2,p5,p8,p1,p3,p8,p2,p1,p1,p4,p2,p8,p1,p2,p5,p3,p3,p8,p8,p2,p2,p2,p9,p2,p2,p3,p5,p3,p0,p3,p7,p5,p0,p1,p6,p5,p9,p3,p3,p3,p1,p9,p3,p7,p5,p8,p4,p5,p7,p5,p8,p5,p1,p2,p1,p4,p7,p1,p1,p3,p5,p4,p3,p2,p3,p1,p0,p3,p3,p2,p3,p3,p1,p2,p1","p6,p9,p8,p1,p2,p7,p3,p5,p4,p1,p2,p3"
campaign_r1_task7_random,187,lemma1_chain_monotone,8,noisy,59,12,"p11,p11,p11,p11,p11,p11,p0,p11,p9,p9,p3,p9,p1,p11,p1,p8,p1,p4,p10,p8,p2,p1,p11,p11,p11,p4,p2,p7,p7,p2,p8,p11,p6,p1,p2,p11,p8,p1,p9,p5,p11,p7,p11,p8,p11,p2,p4,p5,p7,p1,p9,p7,p11,p1,p5,p11,p7,p7,p11","p0,p3,p10,p8,p11,p1,p2,p9,p5,p7,p4,p7"
campaign_r1_task7_random,187,lemma2_head_bound,8,noisy,59,12,"p11,p11,p11,p11,p11,p11,p0,p11,p9,p9,p3,p9,p1,p11,p1,p8,p1,p4,p10,p8,p2,p1,p11,p11,p11,p4,p2,p7,p7,p2,p8,p11,p6,p1,p2,p11,p8,p1,p9,p5,p11,p7,p11,p8,p11,p2,p4,p5,p7,p1,p9,p7,p11,p1,p5,p11,p7,p7,p11","p0,p3,p10,p8,p11,p1,p2,p9,p5,p7,p4,p7"
campaign_r1_task7_random,188,lemma2_head_bound,2,adv_bias,25,6,"p1,p1,p3,p1,p2,p0,p1,p2,p2,p2,p2,p3,p3,p2,p2,p2,p3,p2,p2,p2,p2,p2,p2,p0,p0","p3,p1,p2,p0,p1,p2"
campaign_r1_task7_random,189,lemma1_chain_monotone,5,adv_bias,86,9,"p4,p4,p2,p4,p0,p4,p4,p0,p4,p5,p6,p5,p5,p6,p0,p2,p4,p6,p5,p4,p4,p6,p0,p6,p6,p1,p4,p6,p5,p1,p5,p5,p1,p3,p1,p0,p6,p3,p1,p0,p1,p3,p6,p1,p1,p0,p5,p5,p1,p5,p6,p0,p6,p1,p3,p5,p0,p2,p1,p1,p2,p2,p1,p0,p1,p5,p1,p1,p1,p1,p1,p0,p1,p1,p0,p1,p1,p4,p1,p4,p5,p6,p0,p0,p0,p4","p3,p2,p0,p1,p4,p5,p6,p0,p4"
campaign_r1_task7_random,189,lemma1_chain_monotone,5,adv_bias,86,9,"p4,p4,p2,p4,p0,p4,p4,p0,p4,p5,p6,p5,p5,p6,p0,p2,p4,p6,p5,p4,p4,p6,p0,p6,p6,p1,p4,p6,p5,p1,p5,p5,p1,p3,p1,p0,p6,p3,p1,p0,p1,p3,p6,p1,p1,p0,p5,p5,p1,p5,p6,p0,p6,p1,p3,p5,p0,p2,p1,p1,p2,p2,p1,p0,p1,p5,p1,p1,p1,p1,p1,p0,p1,p1,p0,p1,p1,p4,p1,p4,p5,p6,p0,p0,p0,p4","p3,p2,p0,p1,p4,p5,p6,p0,p4"
campaign_r1_task7_random,189,lemma2_head_bound,5,adv_bias,86,27,"p4,p4,p2,p4,p0,p4,p4,p0,p4,p5,p6,p5,p5,p6,p0,p2,p4,p6,p5,p4,p4,p6,p0,p6,p6,p1,p4,p6,p5,p1,p5,p5,p1,p3,p1,p0,p6,p3,p1,p0,p1,p3,p6,p1,p1,p0,p5,p5,p1,p5,p6,p0,p6,p1,p3,p5,p0,p2,p1,p1,p2,p2,p1,p0,p1,p5,p1,p1,p1,p1,p1,p0,p1,p1,p0,p1,p1,p4,p1,p4,p5,p6,p0,p0,p0,p4","p4,p3,p1,p5,p0,p6,p3,p5,p0,p1,p2,p1,p0,p1,p5,p1,p0,p1,p0,p1,p4,p1,p4,p5,p6,p0,p4"
campaign_r1_task7_random,198,lemma1_chain_monotone,4,adv_bias,55,9,"p0,p0,p0,p4,p5,p3,p0,p0,p3,p3,p3,p5,p4,p3,p5,p1,p0,p4,p5,p4,p3,p4,p2,p0,p4,p0,p4,p3,p2,p3,p3,p3,p2,p3,p3,p3,p3,p3,p1,p5,p2,p4,p3,p1,p4,p3,p3,p4,p4,p3,p0,p0,p5,p5,p3","p4,p5,p2,p3,p1,p4,p4,p5,p3"
campaign_r1_task7_random,198,lemma2_head_bound,4,adv_bias,55,17,"p0,p0,p0,p4,p5,p3,p0,p0,p3,p3,p3,p5,p4,p3,p5,p1,p0,p4,p5,p4,p3,p4,p2,p0,p4,p0,p4,p3,p2,p3,p3,p3,p2,p3,p3,p3,p3,p3,p1,p5,p2,p4,p3,p1,p4,p3,p3,p4,p4,p3,p0,p0,p5,p5,p3","p5,p4,p2,p3,p1,p5,p2,p4,p3,p1,p4,p3,p4,p3,p0,p5,p3"
campaign_r1_task7_random,198,lemma1_chain_monotone,4,adv_bias,55,9,"p0,p0,p0,p4,p5,p3,p0,p0,p3,p3,p3,p5,p4,p3,p5,p1,p0,p4,p5,p4,p3,p4,p2,p0,p4,p0,p4,p3,p2,p3,p3,p3,p2,p3,p3,p3,p3,p3,p1,p5,p2,p4,p3,p1,p4,p3,p3,p4,p4,p3,p0,p0,p5,p5,p3","p4,p5,p2,p3,p1,p4,p4,p5,p3"
campaign_r1_task7_random,198,lemma2_head_bound,4,adv_bias,55,17,"p0,p0,p0,p4,p5,p3,p0,p0,p3,p3,p3,p5,p4,p3,p5,p1,p0,p4,p5,p4,p3,p4,p2,p0,p4,p0,p4,p3,p2,p3,p3,p3,p2,p3,p3,p3,p3,p3,p1,p5,p2,p4,p3,p1,p4,p3,p3,p4,p4,p3,p0,p0,p5,p5,p3","p5,p4,p2,p3,p1,p5,p2,p4,p3,p1,p4,p3,p4,p3,p0,p5,p3"
campaign_r1_task7_random,202,lemma1_chain_monotone,6,near_tie,104,10,"p3,p12,p3,p3,p3,p3,p3,p1,p3,p12,p6,p7,p12,p12,p6,p12,p12,p4,p8,p1,p12,p5,p12,p7,p4,p12,p2,p13,p4,p4,p4,p4,p6,p3,p4,p8,p3,p9,p9,p6,p4,p4,p4,p3,p6,p9,p4,p9,p9,p2,p4,p9,p4,p9,p3,p9,p7,p9,p2,p5,p5,p9,p5,p1,p8,p9,p5,p1,p5,p7,p5,p8,p8,p5,p8,p4,p7,p0,p7,p8,p5,p5,p5,p4,p7,p0,p5,p4,p9,p5,p8,p4,p10,p5,p9,p5,p3,p5,p5,p11,p9,p5,p3,p2","p0,p5,p8,p4,p10,p9,p3,p11,p3,p2"
campaign_r1_task7_random,202,lemma2_head_bound,6,near_tie,104,10,"p3,p12,p3,p3,p3,p3,p3,p1,p3,p12,p6,p7,p12,p12,p6,p12,p12,p4,p8,p1,p12,p5,p12,p7,p4,p12,p2,p13,p4,p4,p4,p4,p6,p3,p4,p8,p3,p9,p9,p6,p4,p4,p4,p3,p6,p9,p4,p9,p9,p2,p4,p9,p4,p9,p3,p9,p7,p9,p2,p5,p5,p9,p5,p1,p8,p9,p5,p1,p5,p7,p5,p8,p8,p5,p8,p4,p7,p0,p7,p8,p5,p5,p5,p4,p7,p0,p5,p4,p9,p5,p8,p4,p10,p5,p9,p5,p3,p5,p5,p11,p9,p5,p3,p2","p0,p5,p8,p4,p10,p9,p3,p11,p3,p2"
campaign_r1_task7_random,202,lemma1_chain_monotone,6,near_tie,104,10,"p3,p12,p3,p3,p3,p3,p3,p1,p3,p12,p6,p7,p12,p12,p6,p12,p12,p4,p8,p1,p12,p5,p12,p7,p4,p12,p2,p13,p4,p4,p4,p4,p6,p3,p4,p8,p3,p9,p9,p6,p4,p4,p4,p3,p6,p9,p4,p9,p9,p2,p4,p9,p4,p9,p3,p9,p7,p9,p2,p5,p5,p9,p5,p1,p8,p9,p5,p1,p5,p7,p5,p8,p8,p5,p8,p4,p7,p0,p7,p8,p5,p5,p5,p4,p7,p0,p5,p4,p9,p5,p8,p4,p10,p5,p9,p5,p3,p5,p5,p11,p9,p5,p3,p2","p0,p5,p8,p4,p10,p9,p3,p11,p3,p2"
campaign_r1_task7_random,202,lemma2_head_bound,6,near_tie,104,10,"p3,p12,p3,p3,p3,p3,p3,p1,p3,p12,p6,p7,p12,p12,p6,p12,p12,p4,p8,p1,p12,p5,p12,p7,p4,p12,p2,p13,p4,p4,p4,p4,p6,p3,p4,p8,p3,p9,p9,p6,p4,p4,p4,p3,p6,p9,p4,p9,p9,p2,p4,p9,p4,p9,p3,p9,p7,p9,p2,p5,p5,p9,p5,p1,p8,p9,p5,p1,p5,p7,p5,p8,p8,p5,p8,p4,p7,p0,p7,p8,p5,p5,p5,p4,p7,p0,p5,p4,p9,p5,p8,p4,p10,p5,p9,p5,p3,p5,p5,p11,p9,p5,p3,p2","p0,p5,p8,p4,p10,p9,p3,p11,p3,p2"
campaign_r1_task7_random,208,lemma1_chain_monotone,5,adv_bias,30,9,"p1,p3,p0,p5,p5,p0,p1,p4,p3,p3,p1,p2,p0,p2,p2,p1,p4,p4,p5,p0,p2,p2,p3,p0,p2,p2,p0,p3,p1,p0","p2,p1,p4,p5,p3,p0,p2,p3,p1"
campaign_r1_task7_random,221,lemma1_chain_monotone,2,adv_bias,27,10,"p1,p1,p3,p1,p1,p1,p2,p0,p0,p2,p0,p0,p1,p1,p0,p1,p2,p2,p1,p2,p2,p1,p3,p2,p2,p2,p2","p2,p1,p0,p1,p2,p1,p2,p1,p3,p2"
campaign_r1_task7_random,221,lemma2_head_bound,2,adv_bias,27,10,"p1,p1,p3,p1,p1,p1,p2,p0,p0,p2,p0,p0,p1,p1,p0,p1,p2,p2,p1,p2,p2,p1,p3,p2,p2,p2,p2","p2,p1,p0,p1,p2,p1,p2,p1,p3,p2"
campaign_r1_task7_random,224,lemma1_chain_monotone,6,adv_bias,55,11,"p4,p1,p1,p0,p6,p1,p1,p4,p0,p6,p6,p3,p6,p1,p0,p5,p4,p3,p6,p6,p0,p5,p6,p6,p0,p0,p6,p1,p3,p0,p0,p0,p4,p0,p6,p6,p4,p3,p4,p3,p4,p1,p7,p6,p6,p2,p0,p7,p3,p0,p2,p6,p5,p1,p6","p4,p1,p6,p7,p3,p0,p2,p6,p5,p1,p6"
campaign_r1_task7_random,225,lemma1_chain_monotone,8,adv_bias,46,11,"p4,p7,p4,p9,p4,p7,p8,p10,p5,p0,p3,p11,p1,p9,p9,p0,p7,p3,p9,p6,p7,p8,p7,p4,p0,p7,p6,p5,p2,p3,p9,p1,p0,p6,p8,p2,p11,p6,p5,p11,p11,p2,p10,p11,p4,p4","p9,p1,p0,p8,p6,p5,p11,p2,p10,p11,p4"
campaign_r1_task7_random,225,lemma1_chain_monotone,8,adv_bias,46,11,"p4,p7,p4,p9,p4,p7,p8,p10,p5,p0,p3,p11,p1,p9,p9,p0,p7,p3,p9,p6,p7,p8,p7,p4,p0,p7,p6,p5,p2,p3,p9,p1,p0,p6,p8,p2,p11,p6,p5,p11,p11,p2,p10,p11,p4,p4","p9,p1,p0,p8,p6,p5,p11,p2,p10,p11,p4"
campaign_r1_task7_random,226,lemma1_chain_monotone,5,adv_bias,95,8,"p1,p1,p5,p6,p3,p1,p1,p6,p1,p1,p0,p6,p4,p4,p6,p4,p4,p2,p0,p1,p4,p6,p6,p4,p4,p4,p0,p1,p5,p4,p0,p3,p3,p0,p6,p2,p6,p4,p2,p3,p4,p3,p6,p3,p5,p6,p5,p6,p0,p4,p5,p4,p6,p4,p1,p6,p4,p6,p4,p2,p6,p6,p3,p6,p2,p6,p1,p6,p6,p6,p2,p6,p0,p1,p4,p2,p6,p3,p6,p6,p5,p0,p6,p3,p6,p3,p0,p3,p0,p4,p6,p1,p3,p0,p0","p2,p5,p0,p4,p6,p1,p3,p0"
campaign_r1_task7_random,226,lemma1_chain_monotone,5,adv_bias,95,8,"p1,p1,p5,p6,p3,p1,p1,p6,p1,p1,p0,p6,p4,p4,p6,p4,p4,p2,p0,p1,p4,p6,p6,p4,p4,p4,p0,p1,p5,p4,p0,p3,p3,p0,p6,p2,p6,p4,p2,p3,p4,p3,p6,p3,p5,p6,p5,p6,p0,p4,p5,p4,p6,p4,p1,p6,p4,p6,p4,p2,p6,p6,p3,p6,p2,p6,p1,p6,p6,p6,p2,p6,p0,p1,p4,p2,p6,p3,p6,p6,p5,p0,p6,p3,p6,p3,p0,p3,p0,p4,p6,p1,p3,p0,p0","p2,p5,p0,p4,p6,p1,p3,p0"
campaign_r1_task7_random,226,lemma2_head_bound,5,adv_bias,95,15,"p1,p1,p5,p6,p3,p1,p1,p6,p1,p1,p0,p6,p4,p4,p6,p4,p4,p2,p0,p1,p4,p6,p6,p4,p4,p4,p0,p1,p5,p4,p0,p3,p3,p0,p6,p2,p6,p4,p2,p3,p4,p3,p6,p3,p5,p6,p5,p6,p0,p4,p5,p4,p6,p4,p1,p6,p4,p6,p4,p2,p6,p6,p3,p6,p2,p6,p1,p6,p6,p6,p2,p6,p0,p1,p4,p2,p6,p3,p6,p6,p5,p0,p6,p3,p6,p3,p0,p3,p0,p4,p6,p1,p3,p0,p0","p0,p4,p2,p3,p6,p5,p3,p0,p3,p0,p4,p6,p1,p3,p0"
campaign_r1_task7_random,229,lemma1_chain_monotone,8,noisy,43,11,"p5,p5,p5,p7,p10,p10,p5,p5,p10,p10,p10,p5,p6,p7,p4,p0,p9,p0,p12,p2,p2,p7,p2,p6,p6,p2,p5,p4,p6,p4,p3,p7,p2,p16,p1,p4,p3,p4,p3,p6,p4,p7,p4","p9,p0,p12,p5,p2,p16,p1,p3,p6,p7,p4"
campaign_r1_task7_random,229,lemma2_head_bound,8,noisy,43,11,"p5,p5,p5,p7,p10,p10,p5,p5,p10,p10,p10,p5,p6,p7,p4,p0,p9,p0,p12,p2,p2,p7,p2,p6,p6,p2,p5,p4,p6,p4,p3,p7,p2,p16,p1,p4,p3,p4,p3,p6,p4,p7,p4","p9,p0,p12,p5,p2,p16,p1,p3,p6,p7,p4"
campaign_r1_task7_random,233,lemma1_chain_monotone,6,noisy,59,10,"p3,p6,p5,p3,p3,p8,p5,p9,p3,p9,p9,p0,p9,p6,p0,p2,p7,p4,p6,p7,p7,p7,p1,p7,p0,p2,p6,p2,p8,p1,p7,p0,p7,p7,p6,p1,p3,p5,p0,p7,p7,p7,p7,p4,p8,p8,p7,p8,p8,p7,p2,p7,p9,p3,p3,p8,p8,p9,p2","p1,p5,p0,p4,p2,p7,p9,p3,p8,p9"
campaign_r1_task7_random,233,lemma2_head_bound,6,noisy,59,10,"p3,p6,p5,p3,p3,p8,p5,p9,p3,p9,p9,p0,p9,p6,p0,p2,p7,p4,p6,p7,p7,p7,p1,p7,p0,p2,p6,p2,p8,p1,p7,p0,p7,p7,p6,p1,p3,p5,p0,p7,p7,p7,p7,p4,p8,p8,p7,p8,p8,p7,p2,p7,p9,p3,p3,p8,p8,p9,p2","p1,p5,p0,p4,p2,p7,p9,p3,p8,p9"
campaign_r1_task7_random,252,lemma1_chain_monotone,5,adv_bias,98,9,"p8,p2,p8,p8,p8,p8,p2,p8,p4,p2,p8,p8,p8,p4,p8,p8,p8,p8,p8,p8,p9,p8,p8,p8,p8,p8,p8,p8,p8,p9,p8,p8,p8,p4,p6,p8,p3,p4,p8,p8,p8,p8,p8,p6,p6,p8,p8,p8,p6,p0,p8,p8,p8,p6,p6,p8,p8,p8,p8,p8,p6,p6,p1,p10,p3,p10,p1,p1,p3,p6,p10,p1,p0,p3,p3,p6,p3,p5,p8,p2,p3,p3,p6,p3,p3,p3,p5,p3,p6,p5,p6,p6,p5,p3,p3,p3,p6,p3","p4,p8,p3,p6,p10,p1,p3,p6,p8"
campaign_r1_task7_random,257,lemma1_chain_monotone,2,adv_bias,33,8,"p1,p1,p3,p1,p1,p1,p1,p2,p1,p0,p0,p0,p1,p1,p0,p0,p1,p3,p0,p2,p1,p1,p2,p2,p1,p0,p1,p1,p1,p1,p1,p1,p1","p2,p1,p0,p1,p3,p0,p2,p1"
campaign_r1_task7_random,257,lemma2_head_bound,2,adv_bias,33,8,"p1,p1,p3,p1,p1,p1,p1,p2,p1,p0,p0,p0,p1,p1,p0,p0,p1,p3,p0,p2,p1,p1,p2,p2,p1,p0,p1,p1,p1,p1,p1,p1,p1","p2,p1,p0,p1,p3,p0,p2,p1"
campaign_r1_task7_random,267,lemma1_chain_monotone,8,adv_bias,138,12,"p2,p4,p2,p9,p13,p0,p0,p13,p0,p7,p1,p4,p3,p1,p6,p2,p0,p8,p15,p2,p10,p7,p1,p2,p2,p8,p2,p6,p0,p11,p9,p1,p9,p6,p11,p2,p0,p4,p8,p1,p11,p13,p6,p13,p6,p5,p11,p11,p11,p17,p8,p5,p5,p17,p4,p13,p1,p1,p11,p7,p1,p11,p8,p1,p4,p10,p2,p15,p6,p9,p0,p6,p1,p10,p4,p4,p1,p8,p0,p2,p4,p7,p8,p5,p7,p16,p5,p0,p0,p8,p5,p1,p3,p2,p10,p8,p0,p7,p0,p11,p1,p1,p0,p2,p8,p0,p0,p8,p8,p10,p4,p10,p13,p6,p6,p1,p2,p14,p6,p1,p1,p1,p2,p1,p5,p10,p5,p6,p8,p8,p9,p1,p0,p6,p2,p4,p10,p3","p14,p10,p5,p8,p9,p1,p0,p6,p2,p4,p10,p3"
campaign_r1_task7_random,267,lemma1_chain_monotone,8,adv_bias,138,12,"p2,p4,p2,p9,p13,p0,p0,p13,p0,p7,p1,p4,p3,p1,p6,p2,p0,p8,p15,p2,p10,p7,p1,p2,p2,p8,p2,p6,p0,p11,p9,p1,p9,p6,p11,p2,p0,p4,p8,p1,p11,p13,p6,p13,p6,p5,p11,p11,p11,p17,p8,p5,p5,p17,p4,p13,p1,p1,p11,p7,p1,p11,p8,p1,p4,p10,p2,p15,p6,p9,p0,p6,p1,p10,p4,p4,p1,p8,p0,p2,p4,p7,p8,p5,p7,p16,p5,p0,p0,p8,p5,p1,p3,p2,p10,p8,p0,p7,p0,p11,p1,p1,p0,p2,p8,p0,p0,p8,p8,p10,p4,p10,p13,p6,p6,p1,p2,p14,p6,p1,p1,p1,p2,p1,p5,p10,p5,p6,p8,p8,p9,p1,p0,p6,p2,p4,p10,p3","p14,p10,p5,p8,p9,p1,p0,p6,p2,p4,p10,p3"
campaign_r1_task7_random,267,lemma1_chain_monotone,8,adv_bias,138,12,"p2,p4,p2,p9,p13,p0,p0,p13,p0,p7,p1,p4,p3,p1,p6,p2,p0,p8,p15,p2,p10,p7,p1,p2,p2,p8,p2,p6,p0,p11,p9,p1,p9,p6,p11,p2,p0,p4,p8,p1,p11,p13,p6,p13,p6,p5,p11,p11,p11,p17,p8,p5,p5,p17,p4,p13,p1,p1,p11,p7,p1,p11,p8,p1,p4,p10,p2,p15,p6,p9,p0,p6,p1,p10,p4,p4,p1,p8,p0,p2,p4,p7,p8,p5,p7,p16,p5,p0,p0,p8,p5,p1,p3,p2,p10,p8,p0,p7,p0,p11,p1,p1,p0,p2,p8,p0,p0,p8,p8,p10,p4,p10,p13,p6,p6,p1,p2,p14,p6,p1,p1,p1,p2,p1,p5,p10,p5,p6,p8,p8,p9,p1,p0,p6,p2,p4,p10,p3","p14,p10,p5,p8,p9,p1,p0,p6,p2,p4,p10,p3"
campaign_r1_task7_random,267,lemma1_chain_monotone,8,adv_bias,138,12,"p2,p4,p2,p9,p13,p0,p0,p13,p0,p7,p1,p4,p3,p1,p6,p2,p0,p8,p15,p2,p10,p7,p1,p2,p2,p8,p2,p6,p0,p11,p9,p1,p9,p6,p11,p2,p0,p4,p8,p1,p11,p13,p6,p13,p6,p5,p11,p11,p11,p17,p8,p5,p5,p17,p4,p13,p1,p1,p11,p7,p1,p11,p8,p1,p4,p10,p2,p15,p6,p9,p0,p6,p1,p10,p4,p4,p1,p8,p0,p2,p4,p7,p8,p5,p7,p16,p5,p0,p0,p8,p5,p1,p3,p2,p10,p8,p0,p7,p0,p11,p1,p1,p0,p2,p8,p0,p0,p8,p8,p10,p4,p10,p13,p6,p6,p1,p2,p14,p6,p1,p1,p1,p2,p1,p5,p10,p5,p6,p8,p8,p9,p1,p0,p6,p2,p4,p10,p3","p14,p10,p5,p8,p9,p1,p0,p6,p2,p4,p10,p3"
campaign_r1_task7_random,267,lemma2_head_bound,8,adv_bias,138,19,"p2,p4,p2,p9,p13,p0,p0,p13,p0,p7,p1,p4,p3,p1,p6,p2,p0,p8,p15,p2,p10,p7,p1,p2,p2,p8,p2,p6,p0,p11,p9,p1,p9,p6,p11,p2,p0,p4,p8,p1,p11,p13,p6,p13,p6,p5,p11,p11,p11,p17,p8,p5,p5,p17,p4,p13,p1,p1,p11,p7,p1,p11,p8,p1,p4,p10,p2,p15,p6,p9,p0,p6,p1,p10,p4,p4,p1,p8,p0,p2,p4,p7,p8,p5,p7,p16,p5,p0,p0,p8,p5,p1,p3,p2,p10,p8,p0,p7,p0,p11,p1,p1,p0,p2,p8,p0,p0,p8,p8,p10,p4,p10,p13,p6,p6,p1,p2,p14,p6,p1,p1,p1,p2,p1,p5,p10,p5,p6,p8,p8,p9,p1,p0,p6,p2,p4,p10,p3","p11,p0,p8,p4,p2,p6,p1,p5,p10,p5,p6,p8,p9,p1,p0,p6,p2,p4,p10"
campaign_r1_task7_random,267,lemma1_chain_monotone,8,adv_bias,138,12,"p2,p4,p2,p9,p13,p0,p0,p13,p0,p7,p1,p4,p3,p1,p6,p2,p0,p8,p15,p2,p10,p7,p1,p2,p2,p8,p2,p6,p0,p11,p9,p1,p9,p6,p11,p2,p0,p4,p8,p1,p11,p13,p6,p13,p6,p5,p11,p11,p11,p17,p8,p5,p5,p17,p4,p13,p1,p1,p11,p7,p1,p11,p8,p1,p4,p10,p2,p15,p6,p9,p0,p6,p1,p10,p4,p4,p1,p8,p0,p2,p4,p7,p8,p5,p7,p16,p5,p0,p0,p8,p5,p1,p3,p2,p10,p8,p0,p7,p0,p11,p1,p1,p0,p2,p8,p0,p0,p8,p8,p10,p4,p10,p13,p6,p6,p1,p2,p14,p6,p1,p1,p1,p2,p1,p5,p10,p5,p6,p8,p8,p9,p1,p0,p6,p2,p4,p10,p3","p14,p10,p5,p8,p9,p1,p0,p6,p2,p4,p10,p3"
campaign_r1_task7_random,267,lemma2_head_bound,8,adv_bias,138,19,"p2,p4,p2,p9,p13,p0,p0,p13,p0,p7,p1,p4,p3,p1,p6,p2,p0,p8,p15,p2,p10,p7,p1,p2,p2,p8,p2,p6,p0,p11,p9,p1,p9,p6,p11,p2,p0,p4,p8,p1,p11,p13,p6,p13,p6,p5,p11,p11,p11,p17,p8,p5,p5,p17,p4,p13,p1,p1,p11,p7,p1,p11,p8,p1,p4,p10,p2,p15,p6,p9,p0,p6,p1,p10,p4,p4,p1,p8,p0,p2,p4,p7,p8,p5,p7,p16,p5,p0,p0,p8,p5,p1,p3,p2,p10,p8,p0,p7,p0,p11,p1,p1,p0,p2,p8,p0,p0,p8,p8,p10,p4,p10,p13,p6,p6,p1,p2,p14,p6,p1,p1,p1,p2,p1,p5,p10,p5,p6,p8,p8,p9,p1,p0,p6,p2,p4,p10,p3","p11,p0,p8,p4,p2,p6,p1,p5,p10,p5,p6,p8,p9,p1,p0,p6,p2,p4,p10"
campaign_r1_task7_random,270,lemma1_chain_monotone,5,adv_bias,64,8,"p7,p7,p7,p7,p1,p1,p6,p1,p7,p1,p5,p1,p5,p9,p0,p0,p9,p8,p9,p0,p0,p6,p6,p6,p6,p4,p6,p6,p7,p4,p5,p6,p4,p2,p6,p8,p1,p1,p7,p7,p6,p4,p7,p6,p3,p6,p9,p1,p6,p6,p7,p7,p7,p7,p10,p7,p10,p1,p8,p1,p4,p8,p8,p10","p3,p9,p6,p8,p1,p4,p8,p10"
campaign_r1_task7_random,277,lemma1_chain_monotone,8,adv_bias,52,11,"p7,p7,p7,p1,p8,p9,p11,p11,p3,p0,p8,p4,p4,p8,p6,p9,p7,p4,p4,p6,p9,p2,p9,p3,p9,p3,p9,p3,p3,p2,p4,p6,p9,p3,p5,p10,p3,p3,p2,p10,p1,p1,p7,p2,p11,p10,p10,p4,p11,p3,p7,p1","p6,p9,p5,p1,p2,p10,p4,p11,p3,p7,p1"
campaign_r1_task7_random,277,lemma1_chain_monotone,8,adv_bias,52,11,"p7,p7,p7,p1,p8,p9,p11,p11,p3,p0,p8,p4,p4,p8,p6,p9,p7,p4,p4,p6,p9,p2,p9,p3,p9,p3,p9,p3,p3,p2,p4,p6,p9,p3,p5,p10,p3,p3,p2,p10,p1,p1,p7,p2,p11,p10,p10,p4,p11,p3,p7,p1","p6,p9,p5,p1,p2,p10,p4,p11,p3,p7,p1"
campaign_r1_task7_random,277,lemma2_head_bound,8,adv_bias,52,20,"p7,p7,p7,p1,p8,p9,p11,p11,p3,p0,p8,p4,p4,p8,p6,p9,p7,p4,p4,p6,p9,p2,p9,p3,p9,p3,p9,p3,p3,p2,p4,p6,p9,p3,p5,p10,p3,p3,p2,p10,p1,p1,p7,p2,p11,p10,p10,p4,p11,p3,p7,p1","p8,p7,p3,p4,p6,p9,p5,p10,p2,p10,p1,p7,p2,p11,p10,p4,p11,p3,p7,p1"
campaign_r1_task7_random,278,lemma1_chain_monotone,5,adv_bias,94,9,"p5,p5,p5,p3,p7,p11,p8,p3,p3,p5,p2,p2,p5,p10,p0,p5,p5,p2,p7,p10,p10,p6,p3,p10,p10,p9,p1,p10,p3,p7,p6,p4,p7,p7,p3,p7,p9,p5,p4,p9,p0,p4,p6,p6,p5,p7,p8,p4,p0,p9,p6,p5,p6,p8,p6,p2,p6,p3,p2,p4,p11,p7,p1,p2,p8,p6,p5,p4,p6,p2,p6,p6,p2,p2,p11,p10,p0,p3,p5,p5,p1,p5,p3,p10,p8,p0,p4,p3,p4,p11,p4,p4,p8,p4","p8,p4,p11,p1,p5,p10,p11,p4,p8"
campaign_r1_task7_random,278,lemma1_chain_monotone,5,adv_bias,94,9,"p5,p5,p5,p3,p7,p11,p8,p3,p3,p5,p2,p2,p5,p10,p0,p5,p5,p2,p7,p10,p10,p6,p3,p10,p10,p9,p1,p10,p3,p7,p6,p4,p7,p7,p3,p7,p9,p5,p4,p9,p0,p4,p6,p6,p5,p7,p8,p4,p0,p9,p6,p5,p6,p8,p6,p2,p6,p3,p2,p4,p11,p7,p1,p2,p8,p6,p5,p4,p6,p2,p6,p6,p2,p2,p11,p10,p0,p3,p5,p5,p1,p5,p3,p10,p8,p0,p4,p3,p4,p11,p4,p4,p8,p4","p8,p4,p11,p1,p5,p10,p11,p4,p8"
campaign_r1_task7_random,278,lemma2_head_bound,5,adv_bias,94,17,"p5,p5,p5,p3,p7,p11,p8,p3,p3,p5,p2,p2,p5,p10,p0,p5,p5,p2,p7,p10,p10,p6,p3,p10,p10,p9,p1,p10,p3,p7,p6,p4,p7,p7,p3,p7,p9,p5,p4,p9,p0,p4,p6,p6,p5,p7,p8,p4,p0,p9,p6,p5,p6,p8,p6,p2,p6,p3,p2,p4,p11,p7,p1,p2,p8,p6,p5,p4,p6,p2,p6,p6,p2,p2,p11,p10,p0,p3,p5,p5,p1,p5,p3,p10,p8,p0,p4,p3,p4,p11,p4,p4,p8,p4","p2,p4,p11,p7,p1,p8,p6,p5,p4,p2,p11,p10,p3,p5,p1,p5,p3"
campaign_r1_task7_random,280,lemma2_head_bound,2,adv_bias,33,17,"p0,p0,p0,p0,p0,p2,p0,p0,p3,p0,p0,p3,p3,p3,p2,p3,p2,p3,p3,p3,p1,p2,p3,p1,p1,p0,p3,p3,p2,p0,p0,p0,p1","p2,p3,p0,p3,p2,p3,p2,p3,p1,p2,p3,p1,p0,p3,p2,p0,p1"
campaign_r1_task7_random,284,lemma1_chain_monotone,6,adv_bias,72,9,"p0,p2,p8,p6,p2,p7,p6,p8,p1,p2,p4,p1,p1,p2,p8,p2,p2,p5,p3,p7,p1,p8,p6,p2,p2,p5,p6,p6,p7,p7,p9,p8,p9,p5,p2,p9,p7,p5,p7,p5,p5,p9,p4,p1,p4,p3,p1,p1,p2,p9,p2,p8,p1,p8,p4,p7,p6,p9,p1,p4,p4,p2,p5,p9,p6,p2,p1,p5,p4,p8,p9,p9","p7,p9,p6,p2,p1,p5,p4,p8,p9"
campaign_r1_task7_random,284,lemma1_chain_monotone,6,adv_bias,72,9,"p0,p2,p8,p6,p2,p7,p6,p8,p1,p2,p4,p1,p1,p2,p8,p2,p2,p5,p3,p7,p1,p8,p6,p2,p2,p5,p6,p6,p7,p7,p9,p8,p9,p5,p2,p9,p7,p5,p7,p5,p5,p9,p4,p1,p4,p3,p1,p1,p2,p9,p2,p8,p1,p8,p4,p7,p6,p9,p1,p4,p4,p2,p5,p9,p6,p2,p1,p5,p4,p8,p9,p9","p7,p9,p6,p2,p1,p5,p4,p8,p9"
campaign_r1_task7_random,284,lemma1_chain_monotone,6,adv_bias,72,9,"p0,p2,p8,p6,p2,p7,p6,p8,p1,p2,p4,p1,p1,p2,p8,p2,p2,p5,p3,p7,p1,p8,p6,p2,p2,p5,p6,p6,p7,p7,p9,p8,p9,p5,p2,p9,p7,p5,p7,p5,p5,p9,p4,p1,p4,p3,p1,p1,p2,p9,p2,p8,p1,p8,p4,p7,p6,p9,p1,p4,p4,p2,p5,p9,p6,p2,p1,p5,p4,p8,p9,p9","p7,p9,p6,p2,p1,p5,p4,p8,p9"
campaign_r1_task7_random,284,lemma2_head_bound,6,adv_bias,72,19,"p0,p2,p8,p6,p2,p7,p6,p8,p1,p2,p4,p1,p1,p2,p8,p2,p2,p5,p3,p7,p1,p8,p6,p2,p2,p5,p6,p6,p7,p7,p9,p8,p9,p5,p2,p9,p7,p5,p7,p5,p5,p9,p4,p1,p4,p3,p1,p1,p2,p9,p2,p8,p1,p8,p4,p7,p6,p9,p1,p4,p4,p2,p5,p9,p6,p2,p1,p5,p4,p8,p9,p9","p3,p2,p1,p8,p4,p7,p6,p9,p4,p2,p5,p9,p6,p2,p1,p5,p4,p8,p9"
campaign_r1_task7_random,285,lemma1_chain_monotone,5,adv_bias,75,9,"p5,p1,p5,p5,p5,p2,p5,p5,p0,p2,p1,p2,p2,p0,p2,p5,p3,p2,p1,p1,p2,p3,p6,p1,p3,p5,p6,p2,p6,p6,p3,p6,p3,p1,p6,p6,p1,p2,p4,p6,p2,p6,p5,p6,p4,p1,p1,p0,p2,p5,p6,p0,p2,p5,p0,p6,p5,p0,p6,p2,p5,p0,p4,p0,p0,p6,p0,p1,p6,p2,p5,p4,p4,p4,p4","p2,p5,p4,p0,p1,p6,p2,p5,p4"
campaign_r1_task7_random,291,lemma1_chain_monotone,2,adv_bias,12,6,"p3,p5,p0,p0,p5,p0,p4,p2,p5,p2,p2,p5","p3,p5,p0,p4,p2,p5"
campaign_r1_task7_random,291,lemma2_head_bound,2,adv_bias,12,6,"p3,p5,p0,p0,p5,p0,p4,p2,p5,p2,p2,p5","p3,p5,p0,p4,p2,p5"
campaign_r1_task7_random,303,lemma1_chain_monotone,5,noisy,54,8,"p1,p1,p1,p8,p1,p0,p1,p2,p1,p0,p5,p6,p4,p5,p5,p6,p4,p4,p7,p4,p7,p3,p4,p3,p4,p7,p6,p2,p4,p2,p7,p2,p3,p6,p5,p4,p2,p4,p2,p1,p4,p2,p3,p0,p3,p7,p2,p4,p1,p2,p2,p0,p5,p3","p6,p7,p2,p4,p1,p0,p5,p3"
campaign_r1_task7_random,303,lemma2_head_bound,5,noisy,54,8,"p1,p1,p1,p8,p1,p0,p1,p2,p1,p0,p5,p6,p4,p5,p5,p6,p4,p4,p7,p4,p7,p3,p4,p3,p4,p7,p6,p2,p4,p2,p7,p2,p3,p6,p5,p4,p2,p4,p2,p1,p4,p2,p3,p0,p3,p7,p2,p4,p1,p2,p2,p0,p5,p3","p6,p7,p2,p4,p1,p0,p5,p3"
campaign_r1_task7_random,304,lemma1_chain_monotone,6,noisy,75,9,"p12,p6,p12,p12,p8,p1,p12,p9,p12,p12,p0,p6,p6,p12,p8,p2,p6,p12,p1,p10,p6,p8,p6,p8,p2,p6,p6,p13,p6,p5,p8,p5,p6,p6,p6,p5,p5,p6,p6,p5,p5,p8,p5,p5,p5,p5,p7,p6,p11,p5,p5,p5,p6,p5,p8,p6,p7,p10,p6,p6,p6,p8,p3,p6,p3,p5,p3,p5,p13,p3,p10,p5,p6,p7,p0","p8,p11,p13,p3,p10,p5,p6,p7,p0"
campaign_r1_task7_random,304,lemma2_head_bound,6,noisy,75,9,"p12,p6,p12,p12,p8,p1,p12,p9,p12,p12,p0,p6,p6,p12,p8,p2,p6,p12,p1,p10,p6,p8,p6,p8,p2,p6,p6,p13,p6,p5,p8,p5,p6,p6,p6,p5,p5,p6,p6,p5,p5,p8,p5,p5,p5,p5,p7,p6,p11,p5,p5,p5,p6,p5,p8,p6,p7,p10,p6,p6,p6,p8,p3,p6,p3,p5,p3,p5,p13,p3,p10,p5,p6,p7,p0","p8,p11,p13,p3,p10,p5,p6,p7,p0"
campaign_r1_task7_random,306,lemma1_chain_monotone,5,adv_bias,37,9,"p8,p3,p8,p6,p2,p3,p2,p2,p3,p5,p3,p2,p6,p8,p2,p2,p6,p1,p0,p6,p0,p1,p2,p3,p1,p2,p2,p6,p3,p1,p1,p1,p1,p4,p1,p5,p8","p0,p2,p6,p3,p1,p4,p1,p5,p8"
campaign_r1_task7_random,306,lemma1_chain_monotone,5,adv_bias,37,9,"p8,p3,p8,p6,p2,p3,p2,p2,p3,p5,p3,p2,p6,p8,p2,p2,p6,p1,p0,p6,p0,p1,p2,p3,p1,p2,p2,p6,p3,p1,p1,p1,p1,p4,p1,p5,p8","p0,p2,p6,p3,p1,p4,p1,p5,p8"
campaign_r1_task7_random,306,lemma1_chain_monotone,5,adv_bias,37,9,"p8,p3,p8,p6,p2,p3,p2,p2,p3,p5,p3,p2,p6,p8,p2,p2,p6,p1,p0,p6,p0,p1,p2,p3,p1,p2,p2,p6,p3,p1,p1,p1,p1,p4,p1,p5,p8","p0,p2,p6,p3,p1,p4,p1,p5,p8"
campaign_r1_task7_random,306,lemma2_head_bound,5,adv_bias,37,17,"p8,p3,p8,p6,p2,p3,p2,p2,p3,p5,p3,p2,p6,p8,p2,p2,p6,p1,p0,p6,p0,p1,p2,p3,p1,p2,p2,p6,p3,p1,p1,p1,p1,p4,p1,p5,p8","p5,p8,p2,p1,p6,p0,p1,p2,p3,p1,p2,p6,p3,p1,p4,p5,p8"
campaign_r1_task7_random,320,lemma1_chain_monotone,6,adv_bias,88,10,"p0,p2,p2,p5,p5,p0,p7,p0,p2,p5,p2,p0,p2,p2,p5,p2,p2,p4,p2,p2,p2,p0,p2,p2,p6,p5,p7,p5,p0,p4,p4,p3,p5,p1,p0,p7,p1,p2,p3,p1,p0,p4,p4,p5,p2,p4,p1,p4,p1,p3,p4,p1,p4,p4,p5,p3,p3,p0,p6,p1,p7,p4,p4,p3,p0,p0,p4,p3,p2,p4,p2,p1,p3,p0,p6,p7,p7,p3,p4,p7,p3,p7,p6,p2,p7,p0,p2,p3","p4,p1,p0,p3,p6,p2,p7,p0,p2,p3"
campaign_r1_task7_random,320,lemma1_chain_monotone,6,adv_bias,88,10,"p0,p2,p2,p5,p5,p0,p7,p0,p2,p5,p2,p0,p2,p2,p5,p2,p2,p4,p2,p2,p2,p0,p2,p2,p6,p5,p7,p5,p0,p4,p4,p3,p5,p1,p0,p7,p1,p2,p3,p1,p0,p4,p4,p5,p2,p4,p1,p4,p1,p3,p4,p1,p4,p4,p5,p3,p3,p0,p6,p1,p7,p4,p4,p3,p0,p0,p4,p3,p2,p4,p2,p1,p3,p0,p6,p7,p7,p3,p4,p7,p3,p7,p6,p2,p7,p0,p2,p3","p4,p1,p0,p3,p6,p2,p7,p0,p2,p3"
campaign_r1_task7_random,320,lemma1_chain_monotone,6,adv_bias,88,10,"p0,p2,p2,p5,p5,p0,p7,p0,p2,p5,p2,p0,p2,p2,p5,p2,p2,p4,p2,p2,p2,p0,p2,p2,p6,p5,p7,p5,p0,p4,p4,p3,p5,p1,p0,p7,p1,p2,p3,p1,p0,p4,p4,p5,p2,p4,p1,p4,p1,p3,p4,p1,p4,p4,p5,p3,p3,p0,p6,p1,p7,p4,p4,p3,p0,p0,p4,p3,p2,p4,p2,p1,p3,p0,p6,p7,p7,p3,p4,p7,p3,p7,p6,p2,p7,p0,p2,p3","p4,p1,p0,p3,p6,p2,p7,p0,p2,p3"
campaign_r1_task7_random,320,lemma1_chain_monotone,6,adv_bias,88,10,"p0,p2,p2,p5,p5,p0,p7,p0,p2,p5,p2,p0,p2,p2,p5,p2,p2,p4,p2,p2,p2,p0,p2,p2,p6,p5,p7,p5,p0,p4,p4,p3,p5,p1,p0,p7,p1,p2,p3,p1,p0,p4,p4,p5,p2,p4,p1,p4,p1,p3,p4,p1,p4,p4,p5,p3,p3,p0,p6,p1,p7,p4,p4,p3,p0,p0,p4,p3,p2,p4,p2,p1,p3,p0,p6,p7,p7,p3,p4,p7,p3,p7,p6,p2,p7,p0,p2,p3","p4,p1,p0,p3,p6,p2,p7,p0,p2,p3"
campaign_r1_task7_random,321,lemma1_chain_monotone,5,near_tie,72,9,"p1,p6,p1,p7,p0,p6,p1,p4,p0,p1,p5,p8,p3,p8,p1,p1,p1,p6,p5,p3,p0,p1,p0,p3,p7,p3,p3,p6,p4,p5,p8,p6,p2,p6,p1,p5,p3,p1,p2,p6,p3,p6,p3,p4,p7,p3,p0,p1,p7,p7,p3,p8,p3,p7,p4,p2,p7,p4,p8,p5,p4,p4,p8,p1,p7,p8,p1,p5,p7,p2,p6,p6","p5,p1,p2,p4,p7,p8,p3,p8,p6"
campaign_r1_task7_random,321,lemma2_head_bound,5,near_tie,72,9,"p1,p6,p1,p7,p0,p6,p1,p4,p0,p1,p5,p8,p3,p8,p1,p1,p1,p6,p5,p3,p0,p1,p0,p3,p7,p3,p3,p6,p4,p5,p8,p6,p2,p6,p1,p5,p3,p1,p2,p6,p3,p6,p3,p4,p7,p3,p0,p1,p7,p7,p3,p8,p3,p7,p4,p2,p7,p4,p8,p5,p4,p4,p8,p1,p7,p8,p1,p5,p7,p2,p6,p6","p5,p1,p2,p4,p7,p8,p3,p8,p6"
campaign_r1_task7_random,326,lemma1_chain_monotone,6,adv_bias,114,9,"p2,p2,p0,p0,p0,p2,p0,p2,p2,p2,p2,p6,p0,p5,p6,p0,p2,p2,p2,p5,p2,p6,p2,p0,p4,p7,p5,p5,p7,p1,p5,p7,p7,p5,p7,p4,p5,p7,p5,p5,p5,p7,p1,p7,p0,p7,p5,p5,p7,p1,p5,p2,p5,p1,p7,p5,p6,p7,p5,p5,p6,p5,p5,p5,p5,p5,p4,p5,p0,p3,p4,p2,p5,p6,p5,p3,p4,p2,p5,p7,p0,p2,p2,p2,p2,p3,p2,p7,p2,p3,p4,p4,p0,p7,p7,p6,p6,p7,p3,p3,p6,p6,p7,p0,p6,p7,p3,p3,p0,p7,p5,p1,p1,p4","p2,p4,p6,p3,p0,p7,p5,p1,p4"
campaign_r1_task7_random,326,lemma1_chain_monotone,6,adv_bias,114,9,"p2,p2,p0,p0,p0,p2,p0,p2,p2,p2,p2,p6,p0,p5,p6,p0,p2,p2,p2,p5,p2,p6,p2,p0,p4,p7,p5,p5,p7,p1,p5,p7,p7,p5,p7,p4,p5,p7,p5,p5,p5,p7,p1,p7,p0,p7,p5,p5,p7,p1,p5,p2,p5,p1,p7,p5,p6,p7,p5,p5,p6,p5,p5,p5,p5,p5,p4,p5,p0,p3,p4,p2,p5,p6,p5,p3,p4,p2,p5,p7,p0,p2,p2,p2,p2,p3,p2,p7,p2,p3,p4,p4,p0,p7,p7,p6,p6,p7,p3,p3,p6,p6,p7,p0,p6,p7,p3,p3,p0,p7,p5,p1,p1,p4","p2,p4,p6,p3,p0,p7,p5,p1,p4"
campaign_r1_task7_random,326,lemma1_chain_monotone,6,adv_bias,114,9,"p2,p2,p0,p0,p0,p2,p0,p2,p2,p2,p2,p6,p0,p5,p6,p0,p2,p2,p2,p5,p2,p6,p2,p0,p4,p7,p5,p5,p7,p1,p5,p7,p7,p5,p7,p4,p5,p7,p5,p5,p5,p7,p1,p7,p0,p7,p5,p5,p7,p1,p5,p2,p5,p1,p7,p5,p6,p7,p5,p5,p6,p5,p5,p5,p5,p5,p4,p5,p0,p3,p4,p2,p5,p6,p5,p3,p4,p2,p5,p7,p0,p2,p2,p2,p2,p3,p2,p7,p2,p3,p4,p4,p0,p7,p7,p6,p6,p7,p3,p3,p6,p6,p7,p0,p6,p7,p3,p3,p0,p7,p5,p1,p1,p4","p2,p4,p6,p3,p0,p7,p5,p1,p4"
campaign_r1_task7_random,326,lemma2_head_bound,6,adv_bias,114,9,"p2,p2,p0,p0,p0,p2,p0,p2,p2,p2,p2,p6,p0,p5,p6,p0,p2,p2,p2,p5,p2,p6,p2,p0,p4,p7,p5,p5,p7,p1,p5,p7,p7,p5,p7,p4,p5,p7,p5,p5,p5,p7,p1,p7,p0,p7,p5,p5,p7,p1,p5,p2,p5,p1,p7,p5,p6,p7,p5,p5,p6,p5,p5,p5,p5,p5,p4,p5,p0,p3,p4,p2,p5,p6,p5,p3,p4,p2,p5,p7,p0,p2,p2,p2,p2,p3,p2,p7,p2,p3,p4,p4,p0,p7,p7,p6,p6,p7,p3,p3,p6,p6,p7,p0,p6,p7,p3,p3,p0,p7,p5,p1,p1,p4","p2,p4,p6,p3,p0,p7,p5,p1,p4"
campaign_r1_task7_random,335,lemma1_chain_monotone,8,adv_bias,88,12,"p1,p3,p3,p1,p1,p1,p0,p5,p7,p0,p1,p0,p8,p1,p0,p0,p3,p5,p7,p1,p7,p5,p0,p1,p5,p2,p0,p7,p6,p4,p1,p5,p6,p5,p7,p6,p8,p3,p4,p8,p5,p0,p1,p7,p3,p6,p5,p5,p5,p0,p3,p6,p0,p7,p6,p3,p1,p5,p1,p1,p6,p8,p1,p7,p8,p1,p1,p2,p1,p1,p0,p0,p5,p1,p3,p3,p0,p0,p3,p1,p6,p0,p5,p8,p1,p7,p2,p7","p4,p7,p2,p3,p1,p6,p0,p5,p8,p1,p7,p2"
campaign_r1_task7_random,341,lemma1_chain_monotone,4,adv_bias,79,8,"p0,p0,p0,p0,p4,p3,p3,p0,p0,p0,p0,p0,p4,p2,p0,p0,p1,p0,p0,p2,p3,p1,p1,p1,p3,p1,p1,p3,p1,p2,p1,p4,p2,p2,p0,p1,p0,p4,p0,p2,p4,p2,p0,p4,p4,p4,p2,p4,p4,p2,p4,p2,p3,p2,p2,p0,p0,p4,p1,p4,p2,p4,p1,p4,p3,p4,p3,p1,p2,p3,p4,p3,p4,p1,p2,p3,p3,p2,p2","p2,p0,p1,p3,p4,p1,p3,p2"
campaign_r1_task7_random,345,lemma1_chain_monotone,4,adv_bias,31,10,"p3,p3,p4,p3,p3,p2,p3,p3,p6,p6,p2,p9,p4,p9,p0,p3,p6,p9,p6,p9,p3,p4,p9,p3,p7,p7,p8,p9,p5,p2,p9","p6,p4,p9,p3,p7,p8,p9,p5,p2,p9"
campaign_r1_task7_random,346,lemma1_chain_monotone,8,adv_bias,50,12,"p7,p8,p5,p6,p4,p8,p4,p3,p5,p1,p5,p7,p0,p6,p7,p4,p5,p6,p1,p4,p8,p6,p8,p1,p1,p5,p8,p0,p8,p6,p3,p4,p6,p6,p7,p1,p3,p8,p4,p4,p2,p3,p3,p1,p3,p6,p3,p2,p0,p8","p5,p0,p7,p1,p3,p8,p4,p2,p6,p3,p2,p0"
campaign_r1_task7_random,350,lemma1_chain_monotone,4,adv_bias,79,7,"p1,p1,p2,p7,p5,p7,p1,p1,p6,p1,p5,p7,p2,p3,p7,p6,p6,p5,p0,p7,p5,p5,p5,p3,p0,p5,p0,p3,p2,p5,p2,p2,p5,p5,p2,p2,p2,p3,p6,p5,p2,p3,p2,p2,p1,p7,p5,p1,p2,p2,p7,p7,p7,p2,p2,p2,p7,p2,p2,p7,p2,p7,p3,p2,p5,p1,p2,p5,p7,p0,p0,p7,p1,p2,p6,p5,p0,p1,p4","p7,p2,p6,p5,p0,p1,p4"
campaign_r1_task7_random,350,lemma1_chain_monotone,4,adv_bias,79,7,"p1,p1,p2,p7,p5,p7,p1,p1,p6,p1,p5,p7,p2,p3,p7,p6,p6,p5,p0,p7,p5,p5,p5,p3,p0,p5,p0,p3,p2,p5,p2,p2,p5,p5,p2,p2,p2,p3,p6,p5,p2,p3,p2,p2,p1,p7,p5,p1,p2,p2,p7,p7,p7,p2,p2,p2,p7,p2,p2,p7,p2,p7,p3,p2,p5,p1,p2,p5,p7,p0,p0,p7,p1,p2,p6,p5,p0,p1,p4","p7,p2,p6,p5,p0,p1,p4"
campaign_r1_task7_random,350,lemma1_chain_monotone,4,adv_bias,79,7,"p1,p1,p2,p7,p5,p7,p1,p1,p6,p1,p5,p7,p2,p3,p7,p6,p6,p5,p0,p7,p5,p5,p5,p3,p0,p5,p0,p3,p2,p5,p2,p2,p5,p5,p2,p2,p2,p3,p6,p5,p2,p3,p2,p2,p1,p7,p5,p1,p2,p2,p7,p7,p7,p2,p2,p2,p7,p2,p2,p7,p2,p7,p3,p2,p5,p1,p2,p5,p7,p0,p0,p7,p1,p2,p6,p5,p0,p1,p4","p7,p2,p6,p5,p0,p1,p4"
campaign_r1_task7_random,350,lemma1_chain_monotone,4,adv_bias,79,7,"p1,p1,p2,p7,p5,p7,p1,p1,p6,p1,p5,p7,p2,p3,p7,p6,p6,p5,p0,p7,p5,p5,p5,p3,p0,p5,p0,p3,p2,p5,p2,p2,p5,p5,p2,p2,p2,p3,p6,p5,p2,p3,p2,p2,p1,p7,p5,p1,p2,p2,p7,p7,p7,p2,p2,p2,p7,p2,p2,p7,p2,p7,p3,p2,p5,p1,p2,p5,p7,p0,p0,p7,p1,p2,p6,p5,p0,p1,p4","p7,p2,p6,p5,p0,p1,p4"
campaign_r1_task7_random,350,lemma2_head_bound,4,adv_bias,79,21,"p1,p1,p2,p7,p5,p7,p1,p1,p6,p1,p5,p7,p2,p3,p7,p6,p6,p5,p0,p7,p5,p5,p5,p3,p0,p5,p0,p3,p2,p5,p2,p2,p5,p5,p2,p2,p2,p3,p6,p5,p2,p3,p2,p2,p1,p7,p5,p1,p2,p2,p7,p7,p7,p2,p2,p2,p7,p2,p2,p7,p2,p7,p3,p2,p5,p1,p2,p5,p7,p0,p0,p7,p1,p2,p6,p5,p0,p1,p4","p3,p5,p1,p2,p7,p2,p7,p3,p2,p5,p1,p2,p5,p0,p7,p2,p6,p5,p0,p1,p4"
campaign_r1_task7_random,351,lemma1_chain_monotone,4,adv_bias,58,8,"p2,p6,p6,p4,p6,p0,p6,p6,p6,p5,p7,p5,p0,p6,p6,p5,p5,p1,p0,p0,p3,p6,p5,p1,p5,p3,p0,p3,p3,p7,p5,p5,p3,p0,p5,p0,p4,p0,p6,p3,p1,p5,p0,p2,p3,p5,p1,p1,p4,p2,p0,p2,p2,p2,p4,p5,p1,p2","p5,p1,p0,p2,p4,p5,p1,p2"
campaign_r1_task7_random,351,lemma2_head_bound,4,adv_bias,58,21,"p2,p6,p6,p4,p6,p0,p6,p6,p6,p5,p7,p5,p0,p6,p6,p5,p5,p1,p0,p0,p3,p6,p5,p1,p5,p3,p0,p3,p3,p7,p5,p5,p3,p0,p5,p0,p4,p0,p6,p3,p1,p5,p0,p2,p3,p5,p1,p1,p4,p2,p0,p2,p2,p2,p4,p5,p1,p2","p7,p3,p5,p0,p6,p3,p1,p5,p0,p2,p3,p5,p1,p4,p2,p0,p2,p4,p5,p1,p2"
campaign_r1_task7_random,357,lemma1_chain_monotone,6,adv_bias,68,13,"p7,p0,p0,p0,p5,p7,p3,p5,p0,p7,p0,p0,p6,p9,p7,p7,p7,p2,p7,p0,p8,p1,p0,p8,p6,p4,p7,p7,p7,p4,p8,p6,p6,p9,p8,p7,p1,p7,p4,p2,p7,p4,p1,p6,p7,p9,p4,p1,p7,p1,p5,p7,p5,p1,p3,p1,p1,p1,p3,p8,p0,p1,p2,p0,p3,p1,p6,p1","p4,p7,p5,p1,p3,p8,p0,p1,p2,p0,p3,p6,p1"
campaign_r1_task7_random,357,lemma2_head_bound,6,adv_bias,68,13,"p7,p0,p0,p0,p5,p7,p3,p5,p0,p7,p0,p0,p6,p9,p7,p7,p7,p2,p7,p0,p8,p1,p0,p8,p6,p4,p7,p7,p7,p4,p8,p6,p6,p9,p8,p7,p1,p7,p4,p2,p7,p4,p1,p6,p7,p9,p4,p1,p7,p1,p5,p7,p5,p1,p3,p1,p1,p1,p3,p8,p0,p1,p2,p0,p3,p1,p6,p1","p4,p7,p5,p1,p3,p8,p0,p1,p2,p0,p3,p6,p1"
campaign_r1_task7_random,359,lemma1_chain_monotone,8,adv_bias,129,12,"p8,p1,p2,p4,p2,p7,p3,p8,p8,p0,p7,p8,p5,p3,p2,p3,p2,p1,p5,p9,p0,p1,p1,p8,p2,p1,p8,p2,p6,p3,p2,p5,p7,p3,p1,p5,p6,p6,p3,p2,p7,p8,p3,p0,p1,p8,p5,p4,p5,p9,p8,p2,p7,p1,p2,p0,p3,p2,p2,p3,p3,p3,p2,p3,p9,p6,p5,p2,p6,p2,p4,p3,p2,p3,p8,p4,p3,p8,p6,p9,p3,p1,p7,p0,p5,p2,p2,p7,p9,p1,p4,p8,p8,p3,p8,p1,p2,p3,p3,p5,p8,p4,p7,p5,p1,p5,p9,p9,p4,p6,p4,p9,p2,p9,p6,p9,p2,p2,p1,p9,p7,p9,p0,p1,p9,p2,p9,p4,p0","p8,p5,p4,p6,p7,p0,p1,p9,p2,p9,p4,p0"
campaign_r1_task7_random,359,lemma1_chain_monotone,8,adv_bias,129,12,"p8,p1,p2,p4,p2,p7,p3,p8,p8,p0,p7,p8,p5,p3,p2,p3,p2,p1,p5,p9,p0,p1,p1,p8,p2,p1,p8,p2,p6,p3,p2,p5,p7,p3,p1,p5,p6,p6,p3,p2,p7,p8,p3,p0,p1,p8,p5,p4,p5,p9,p8,p2,p7,p1,p2,p0,p3,p2,p2,p3,p3,p3,p2,p3,p9,p6,p5,p2,p6,p2,p4,p3,p2,p3,p8,p4,p3,p8,p6,p9,p3,p1,p7,p0,p5,p2,p2,p7,p9,p1,p4,p8,p8,p3,p8,p1,p2,p3,p3,p5,p8,p4,p7,p5,p1,p5,p9,p9,p4,p6,p4,p9,p2,p9,p6,p9,p2,p2,p1,p9,p7,p9,p0,p1,p9,p2,p9,p4,p0","p8,p5,p4,p6,p7,p0,p1,p9,p2,p9,p4,p0"
campaign_r1_task7_random,359,lemma1_chain_monotone,8,adv_bias,129,12,"p8,p1,p2,p4,p2,p7,p3,p8,p8,p0,p7,p8,p5,p3,p2,p3,p2,p1,p5,p9,p0,p1,p1,p8,p2,p1,p8,p2,p6,p3,p2,p5,p7,p3,p1,p5,p6,p6,p3,p2,p7,p8,p3,p0,p1,p8,p5,p4,p5,p9,p8,p2,p7,p1,p2,p0,p3,p2,p2,p3,p3,p3,p2,p3,p9,p6,p5,p2,p6,p2,p4,p3,p2,p3,p8,p4,p3,p8,p6,p9,p3,p1,p7,p0,p5,p2,p2,p7,p9,p1,p4,p8,p8,p3,p8,p1,p2,p3,p3,p5,p8,p4,p7,p5,p1,p5,p9,p9,p4,p6,p4,p9,p2,p9,p6,p9,p2,p2,p1,p9,p7,p9,p0,p1,p9,p2,p9,p4,p0","p8,p5,p4,p6,p7,p0,p1,p9,p2,p9,p4,p0"
campaign_r1_task7_random,359,lemma1_chain_monotone,8,adv_bias,129,12,"p8,p1,p2,p4,p2,p7,p3,p8,p8,p0,p7,p8,p5,p3,p2,p3,p2,p1,p5,p9,p0,p1,p1,p8,p2,p1,p8,p2,p6,p3,p2,p5,p7,p3,p1,p5,p6,p6,p3,p2,p7,p8,p3,p0,p1,p8,p5,p4,p5,p9,p8,p2,p7,p1,p2,p0,p3,p2,p2,p3,p3,p3,p2,p3,p9,p6,p5,p2,p6,p2,p4,p3,p2,p3,p8,p4,p3,p8,p6,p9,p3,p1,p7,p0,p5,p2,p2,p7,p9,p1,p4,p8,p8,p3,p8,p1,p2,p3,p3,p5,p8,p4,p7,p5,p1,p5,p9,p9,p4,p6,p4,p9,p2,p9,p6,p9,p2,p2,p1,p9,p7,p9,p0,p1,p9,p2,p9,p4,p0","p8,p5,p4,p6,p7,p0,p1,p9,p2,p9,p4,p0"
campaign_r1_task7_random,359,lemma1_chain_monotone,8,adv_bias,129,12,"p8,p1,p2,p4,p2,p7,p3,p8,p8,p0,p7,p8,p5,p3,p2,p3,p2,p1,p5,p9,p0,p1,p1,p8,p2,p1,p8,p2,p6,p3,p2,p5,p7,p3,p1,p5,p6,p6,p3,p2,p7,p8,p3,p0,p1,p8,p5,p4,p5,p9,p8,p2,p7,p1,p2,p0,p3,p2,p2,p3,p3,p3,p2,p3,p9,p6,p5,p2,p6,p2,p4,p3,p2,p3,p8,p4,p3,p8,p6,p9,p3,p1,p7,p0,p5,p2,p2,p7,p9,p1,p4,p8,p8,p3,p8,p1,p2,p3,p3,p5,p8,p4,p7,p5,p1,p5,p9,p9,p4,p6,p4,p9,p2,p9,p6,p9,p2,p2,p1,p9,p7,p9,p0,p1,p9,p2,p9,p4,p0","p8,p5,p4,p6,p7,p0,p1,p9,p2,p9,p4,p0"
campaign_r1_task7_random,359,lemma1_chain_monotone,8,adv_bias,129,12,"p8,p1,p2,p4,p2,p7,p3,p8,p8,p0,p7,p8,p5,p3,p2,p3,p2,p1,p5,p9,p0,p1,p1,p8,p2,p1,p8,p2,p6,p3,p2,p5,p7,p3,p1,p5,p6,p6,p3,p2,p7,p8,p3,p0,p1,p8,p5,p4,p5,p9,p8,p2,p7,p1,p2,p0,p3,p2,p2,p3,p3,p3,p2,p3,p9,p6,p5,p2,p6,p2,p4,p3,p2,p3,p8,p4,p3,p8,p6,p9,p3,p1,p7,p0,p5,p2,p2,p7,p9,p1,p4,p8,p8,p3,p8,p1,p2,p3,p3,p5,p8,p4,p7,p5,p1,p5,p9,p9,p4,p6,p4,p9,p2,p9,p6,p9,p2,p2,p1,p9,p7,p9,p0,p1,p9,p2,p9,p4,p0","p8,p5,p4,p6,p7,p0,p1,p9,p2,p9,p4,p0"
campaign_r1_task7_random,359,lemma2_head_bound,8,adv_bias,129,51,"p8,p1,p2,p4,p2,p7,p3,p8,p8,p0,p7,p8,p5,p3,p2,p3,p2,p1,p5,p9,p0,p1,p1,p8,p2,p1,p8,p2,p6,p3,p2,p5,p7,p3,p1,p5,p6,p6,p3,p2,p7,p8,p3,p0,p1,p8,p5,p4,p5,p9,p8,p2,p7,p1,p2,p0,p3,p2,p2,p3,p3,p3,p2,p3,p9,p6,p5,p2,p6,p2,p4,p3,p2,p3,p8,p4,p3,p8,p6,p9,p3,p1,p7,p0,p5,p2,p2,p7,p9,p1,p4,p8,p8,p3,p8,p1,p2,p3,p3,p5,p8,p4,p7,p5,p1,p5,p9,p9,p4,p6,p4,p9,p2,p9,p6,p9,p2,p2,p1,p9,p7,p9,p0,p1,p9,p2,p9,p4,p0","p1,p0,p5,p2,p4,p8,p6,p9,p3,p1,p7,p0,p2,p7,p9,p1,p4,p8,p3,p8,p1,p2,p3,p5,p8,p4,p7,p5,p1,p5,p9,p4,p6,p4,p9,p2,p9,p6,p9,p2,p1,p9,p7,p9,p0,p1,p9,p2,p9,p4,p0"
campaign_r1_task7_random,361,lemma1_chain_monotone,4,adv_bias,28,7,"p4,p4,p2,p2,p1,p0,p4,p5,p2,p0,p2,p1,p4,p4,p1,p0,p0,p0,p5,p0,p1,p6,p7,p6,p7,p5,p5,p3","p1,p4,p5,p6,p7,p5,p3"
campaign_r1_task7_random,361,lemma1_chain_monotone,4,adv_bias,28,7,"p4,p4,p2,p2,p1,p0,p4,p5,p2,p0,p2,p1,p4,p4,p1,p0,p0,p0,p5,p0,p1,p6,p7,p6,p7,p5,p5,p3","p1,p4,p5,p6,p7,p5,p3"
campaign_r1_task7_random,361,lemma2_head_bound,4,adv_bias,28,15,"p4,p4,p2,p2,p1,p0,p4,p5,p2,p0,p2,p1,p4,p4,p1,p0,p0,p0,p5,p0,p1,p6,p7,p6,p7,p5,p5,p3","p5,p0,p2,p1,p4,p1,p0,p5,p0,p1,p6,p7,p6,p7,p3"
campaign_r1_task7_random,362,lemma1_chain_monotone,8,adv_bias,125,12,"p8,p7,p7,p3,p3,p5,p7,p0,p6,p0,p4,p9,p4,p4,p7,p3,p0,p2,p9,p0,p4,p0,p9,p0,p9,p7,p8,p10,p8,p11,p9,p2,p3,p8,p11,p8,p8,p2,p2,p9,p7,p9,p4,p7,p11,p0,p9,p2,p9,p7,p2,p0,p11,p4,p7,p9,p4,p10,p9,p9,p4,p10,p2,p6,p3,p0,p11,p11,p6,p7,p8,p10,p6,p6,p0,p7,p1,p1,p0,p0,p10,p7,p9,p8,p9,p9,p10,p10,p8,p9,p9,p0,p7,p4,p1,p3,p8,p9,p1,p9,p1,p0,p7,p2,p9,p3,p4,p4,p7,p5,p8,p5,p6,p0,p1,p7,p0,p0,p3,p11,p3,p3,p5,p4,p8","p4,p8,p5,p6,p1,p7,p0,p11,p3,p5,p4,p8"
campaign_r1_task7_random,362,lemma1_chain_monotone,8,adv_bias,125,12,"p8,p7,p7,p3,p3,p5,p7,p0,p6,p0,p4,p9,p4,p4,p7,p3,p0,p2,p9,p0,p4,p0,p9,p0,p9,p7,p8,p10,p8,p11,p9,p2,p3,p8,p11,p8,p8,p2,p2,p9,p7,p9,p4,p7,p11,p0,p9,p2,p9,p7,p2,p0,p11,p4,p7,p9,p4,p10,p9,p9,p4,p10,p2,p6,p3,p0,p11,p11,p6,p7,p8,p10,p6,p6,p0,p7,p1,p1,p0,p0,p10,p7,p9,p8,p9,p9,p10,p10,p8,p9,p9,p0,p7,p4,p1,p3,p8,p9,p1,p9,p1,p0,p7,p2,p9,p3,p4,p4,p7,p5,p8,p5,p6,p0,p1,p7,p0,p0,p3,p11,p3,p3,p5,p4,p8","p4,p8,p5,p6,p1,p7,p0,p11,p3,p5,p4,p8"
campaign_r1_task7_random,362,lemma1_chain_monotone,8,adv_bias,125,12,"p8,p7,p7,p3,p3,p5,p7,p0,p6,p0,p4,p9,p4,p4,p7,p3,p0,p2,p9,p0,p4,p0,p9,p0,p9,p7,p8,p10,p8,p11,p9,p2,p3,p8,p11,p8,p8,p2,p2,p9,p7,p9,p4,p7,p11,p0,p9,p2,p9,p7,p2,p0,p11,p4,p7,p9,p4,p10,p9,p9,p4,p10,p2,p6,p3,p0,p11,p11,p6,p7,p8,p10,p6,p6,p0,p7,p1,p1,p0,p0,p10,p7,p9,p8,p9,p9,p10,p10,p8,p9,p9,p0,p7,p4,p1,p3,p8,p9,p1,p9,p1,p0,p7,p2,p9,p3,p4,p4,p7,p5,p8,p5,p6,p0,p1,p7,p0,p0,p3,p11,p3,p3,p5,p4,p8","p4,p8,p5,p6,p1,p7,p0,p11,p3,p5,p4,p8"
campaign_r1_task7_random,362,lemma1_chain_monotone,8,adv_bias,125,12,"p8,p7,p7,p3,p3,p5,p7,p0,p6,p0,p4,p9,p4,p4,p7,p3,p0,p2,p9,p0,p4,p0,p9,p0,p9,p7,p8,p10,p8,p11,p9,p2,p3,p8,p11,p8,p8,p2,p2,p9,p7,p9,p4,p7,p11,p0,p9,p2,p9,p7,p2,p0,p11,p4,p7,p9,p4,p10,p9,p9,p4,p10,p2,p6,p3,p0,p11,p11,p6,p7,p8,p10,p6,p6,p0,p7,p1,p1,p0,p0,p10,p7,p9,p8,p9,p9,p10,p10,p8,p9,p9,p0,p7,p4,p1,p3,p8,p9,p1,p9,p1,p0,p7,p2,p9,p3,p4,p4,p7,p5,p8,p5,p6,p0,p1,p7,p0,p0,p3,p11,p3,p3,p5,p4,p8","p4,p8,p5,p6,p1,p7,p0,p11,p3,p5,p4,p8"
campaign_r1_task7_random,362,lemma1_chain_monotone,8,adv_bias,125,12,"p8,p7,p7,p3,p3,p5,p7,p0,p6,p0,p4,p9,p4,p4,p7,p3,p0,p2,p9,p0,p4,p0,p9,p0,p9,p7,p8,p10,p8,p11,p9,p2,p3,p8,p11,p8,p8,p2,p2,p9,p7,p9,p4,p7,p11,p0,p9,p2,p9,p7,p2,p0,p11,p4,p7,p9,p4,p10,p9,p9,p4,p10,p2,p6,p3,p0,p11,p11,p6,p7,p8,p10,p6,p6,p0,p7,p1,p1,p0,p0,p10,p7,p9,p8,p9,p9,p10,p10,p8,p9,p9,p0,p7,p4,p1,p3,p8,p9,p1,p9,p1,p0,p7,p2,p9,p3,p4,p4,p7,p5,p8,p5,p6,p0,p1,p7,p0,p0,p3,p11,p3,p3,p5,p4,p8","p4,p8,p5,p6,p1,p7,p0,p11,p3,p5,p4,p8"
campaign_r1_task7_random,362,lemma1_chain_monotone,8,adv_bias,125,12,"p8,p7,p7,p3,p3,p5,p7,p0,p6,p0,p4,p9,p4,p4,p7,p3,p0,p2,p9,p0,p4,p0,p9,p0,p9,p7,p8,p10,p8,p11,p9,p2,p3,p8,p11,p8,p8,p2,p2,p9,p7,p9,p4,p7,p11,p0,p9,p2,p9,p7,p2,p0,p11,p4,p7,p9,p4,p10,p9,p9,p4,p10,p2,p6,p3,p0,p11,p11,p6,p7,p8,p10,p6,p6,p0,p7,p1,p1,p0,p0,p10,p7,p9,p8,p9,p9,p10,p10,p8,p9,p9,p0,p7,p4,p1,p3,p8,p9,p1,p9,p1,p0,p7,p2,p9,p3,p4,p4,p7,p5,p8,p5,p6,p0,p1,p7,p0,p0,p3,p11,p3,p3,p5,p4,p8","p4,p8,p5,p6,p1,p7,p0,p11,p3,p5,p4,p8"
campaign_r1_task7_random,362,lemma1_chain_monotone,8,adv_bias,125,12,"p8,p7,p7,p3,p3,p5,p7,p0,p6,p0,p4,p9,p4,p4,p7,p3,p0,p2,p9,p0,p4,p0,p9,p0,p9,p7,p8,p10,p8,p11,p9,p2,p3,p8,p11,p8,p8,p2,p2,p9,p7,p9,p4,p7,p11,p0,p9,p2,p9,p7,p2,p0,p11,p4,p7,p9,p4,p10,p9,p9,p4,p10,p2,p6,p3,p0,p11,p11,p6,p7,p8,p10,p6,p6,p0,p7,p1,p1,p0,p0,p10,p7,p9,p8,p9,p9,p10,p10,p8,p9,p9,p0,p7,p4,p1,p3,p8,p9,p1,p9,p1,p0,p7,p2,p9,p3,p4,p4,p7,p5,p8,p5,p6,p0,p1,p7,p0,p0,p3,p11,p3,p3,p5,p4,p8","p4,p8,p5,p6,p1,p7,p0,p11,p3,p5,p4,p8"
campaign_r1_task7_random,362,lemma2_head_bound,8,adv_bias,125,26,"p8,p7,p7,p3,p3,p5,p7,p0,p6,p0,p4,p9,p4,p4,p7,p3,p0,p2,p9,p0,p4,p0,p9,p0,p9,p7,p8,p10,p8,p11,p9,p2,p3,p8,p11,p8,p8,p2,p2,p9,p7,p9,p4,p7,p11,p0,p9,p2,p9,p7,p2,p0,p11,p4,p7,p9,p4,p10,p9,p9,p4,p10,p2,p6,p3,p0,p11,p11,p6,p7,p8,p10,p6,p6,p0,p7,p1,p1,p0,p0,p10,p7,p9,p8,p9,p9,p10,p10,p8,p9,p9,p0,p7,p4,p1,p3,p8,p9,p1,p9,p1,p0,p7,p2,p9,p3,p4,p4,p7,p5,p8,p5,p6,p0,p1,p7,p0,p0,p3,p11,p3,p3,p5,p4,p8","p6,p4,p8,p1,p0,p7,p2,p9,p3,p4,p7,p5,p8,p5,p6,p0,p1,p7,p0,p3,p11,p3,p3,p5,p4,p8"
campaign_r1_task7_random,366,lemma1_chain_monotone,4,adv_bias,45,8,"p5,p5,p5,p5,p1,p5,p5,p5,p1,p5,p5,p7,p6,p6,p5,p7,p2,p5,p7,p2,p7,p3,p2,p5,p7,p2,p7,p7,p5,p3,p8,p3,p1,p8,p6,p5,p6,p3,p8,p3,p8,p6,p9,p8,p2","p7,p8,p3,p6,p5,p3,p6,p8"
campaign_r1_task7_random,366,lemma2_head_bound,4,adv_bias,45,27,"p5,p5,p5,p5,p1,p5,p5,p5,p1,p5,p5,p7,p6,p6,p5,p7,p2,p5,p7,p2,p7,p3,p2,p5,p7,p2,p7,p7,p5,p3,p8,p3,p1,p8,p6,p5,p6,p3,p8,p3,p8,p6,p9,p8,p2","p1,p6,p2,p7,p3,p2,p5,p7,p2,p7,p5,p3,p8,p3,p1,p8,p6,p5,p6,p3,p8,p3,p8,p6,p9,p8,p2"
campaign_r1_task7_random,369,lemma1_chain_monotone,6,adv_bias,79,10,"p0,p11,p11,p11,p8,p8,p0,p11,p10,p0,p8,p6,p8,p11,p11,p8,p10,p8,p6,p11,p11,p7,p0,p9,p7,p11,p9,p6,p2,p2,p0,p11,p4,p9,p9,p9,p6,p3,p8,p3,p8,p9,p4,p6,p8,p3,p9,p9,p3,p11,p11,p6,p3,p2,p12,p11,p3,p6,p11,p3,p11,p3,p9,p3,p3,p6,p7,p3,p9,p5,p3,p7,p1,p13,p7,p7,p7,p1,p7","p8,p2,p12,p6,p11,p9,p3,p5,p3,p7"
campaign_r1_task7_random,369,lemma2_head_bound,6,adv_bias,79,10,"p0,p11,p11,p11,p8,p8,p0,p11,p10,p0,p8,p6,p8,p11,p11,p8,p10,p8,p6,p11,p11,p7,p0,p9,p7,p11,p9,p6,p2,p2,p0,p11,p4,p9,p9,p9,p6,p3,p8,p3,p8,p9,p4,p6,p8,p3,p9,p9,p3,p11,p11,p6,p3,p2,p12,p11,p3,p6,p11,p3,p11,p3,p9,p3,p3,p6,p7,p3,p9,p5,p3,p7,p1,p13,p7,p7,p7,p1,p7","p4,p8,p2,p12,p6,p11,p3,p5,p3,p1"
campaign_r1_task7_random,377,lemma1_chain_monotone,5,adv_bias,28,10,"p4,p3,p3,p4,p4,p0,p4,p1,p1,p4,p3,p3,p8,p1,p7,p0,p5,p0,p1,p6,p0,p3,p7,p8,p0,p0,p4,p1","p8,p5,p6,p0,p3,p7,p8,p0,p4,p1"
campaign_r1_task7_random,384,lemma1_chain_monotone,5,adv_bias,84,34,"p3,p3,p3,p3,p2,p3,p8,p0,p0,p2,p8,p0,p7,p3,p1,p3,p1,p3,p7,p0,p1,p0,p5,p0,p1,p7,p1,p6,p0,p1,p6,p0,p4,p6,p6,p0,p6,p0,p4,p6,p6,p6,p4,p4,p4,p6,p6,p8,p4,p4,p7,p4,p8,p4,p6,p4,p6,p0,p4,p6,p4,p3,p4,p6,p8,p4,p2,p4,p4,p4,p4,p4,p4,p6,p4,p4,p4,p2,p4,p8,p4,p4,p4,p3","p5,p7,p1,p0,p4,p6,p4,p6,p8,p4,p7,p4,p8,p4,p6,p4,p6,p0,p4,p6,p4,p3,p4,p6,p8,p4,p2,p4,p6,p4,p2,p8,p4,p3"
campaign_r1_task7_random,388,lemma1_chain_monotone,8,adv_bias,63,12,"p4,p4,p0,p4,p6,p4,p9,p5,p1,p8,p0,p9,p2,p8,p8,p8,p8,p8,p0,p9,p9,p0,p2,p8,p3,p9,p8,p3,p1,p7,p4,p0,p3,p8,p5,p7,p9,p8,p0,p8,p0,p9,p5,p8,p8,p2,p7,p3,p4,p8,p5,p7,p9,p3,p5,p0,p9,p9,p9,p4,p5,p9,p5","p1,p2,p7,p3,p4,p8,p9,p5,p0,p4,p9,p5"
campaign_r1_task7_random,388,lemma1_chain_monotone,8,adv_bias,63,12,"p4,p4,p0,p4,p6,p4,p9,p5,p1,p8,p0,p9,p2,p8,p8,p8,p8,p8,p0,p9,p9,p0,p2,p8,p3,p9,p8,p3,p1,p7,p4,p0,p3,p8,p5,p7,p9,p8,p0,p8,p0,p9,p5,p8,p8,p2,p7,p3,p4,p8,p5,p7,p9,p3,p5,p0,p9,p9,p9,p4,p5,p9,p5","p1,p2,p7,p3,p4,p8,p9,p5,p0,p4,p9,p5"
campaign_r1_task7_random,389,lemma1_chain_monotone,6,adv_bias,84,10,"p7,p7,p3,p4,p3,p3,p2,p5,p5,p0,p3,p0,p3,p3,p3,p2,p0,p6,p3,p6,p6,p1,p3,p3,p6,p4,p6,p3,p3,p2,p4,p2,p6,p3,p5,p2,p2,p3,p5,p3,p5,p3,p5,p3,p1,p0,p2,p0,p6,p5,p1,p5,p7,p4,p2,p1,p6,p5,p0,p0,p1,p2,p7,p2,p4,p2,p1,p3,p0,p2,p2,p1,p7,p4,p5,p0,p2,p4,p3,p0,p7,p6,p0,p1","p1,p7,p5,p2,p4,p3,p0,p6,p0,p1"
campaign_r1_task7_random,389,lemma1_chain_monotone,6,adv_bias,84,10,"p7,p7,p3,p4,p3,p3,p2,p5,p5,p0,p3,p0,p3,p3,p3,p2,p0,p6,p3,p6,p6,p1,p3,p3,p6,p4,p6,p3,p3,p2,p4,p2,p6,p3,p5,p2,p2,p3,p5,p3,p5,p3,p5,p3,p1,p0,p2,p0,p6,p5,p1,p5,p7,p4,p2,p1,p6,p5,p0,p0,p1,p2,p7,p2,p4,p2,p1,p3,p0,p2,p2,p1,p7,p4,p5,p0,p2,p4,p3,p0,p7,p6,p0,p1","p1,p7,p5,p2,p4,p3,p0,p6,p0,p1"
campaign_r1_task7_random,389,lemma1_chain_monotone,6,adv_bias,84,10,"p7,p7,p3,p4,p3,p3,p2,p5,p5,p0,p3,p0,p3,p3,p3,p2,p0,p6,p3,p6,p6,p1,p3,p3,p6,p4,p6,p3,p3,p2,p4,p2,p6,p3,p5,p2,p2,p3,p5,p3,p5,p3,p5,p3,p1,p0,p2,p0,p6,p5,p1,p5,p7,p4,p2,p1,p6,p5,p0,p0,p1,p2,p7,p2,p4,p2,p1,p3,p0,p2,p2,p1,p7,p4,p5,p0,p2,p4,p3,p0,p7,p6,p0,p1","p1,p7,p5,p2,p4,p3,p0,p6,p0,p1"
campaign_r1_task7_random,389,lemma1_chain_monotone,6,adv_bias,84,10,"p7,p7,p3,p4,p3,p3,p2,p5,p5,p0,p3,p0,p3,p3,p3,p2,p0,p6,p3,p6,p6,p1,p3,p3,p6,p4,p6,p3,p3,p2,p4,p2,p6,p3,p5,p2,p2,p3,p5,p3,p5,p3,p5,p3,p1,p0,p2,p0,p6,p5,p1,p5,p7,p4,p2,p1,p6,p5,p0,p0,p1,p2,p7,p2,p4,p2,p1,p3,p0,p2,p2,p1,p7,p4,p5,p0,p2,p4,p3,p0,p7,p6,p0,p1","p1,p7,p5,p2,p4,p3,p0,p6,p0,p1"
campaign_r1_task7_random,389,lemma1_chain_monotone,6,adv_bias,84,10,"p7,p7,p3,p4,p3,p3,p2,p5,p5,p0,p3,p0,p3,p3,p3,p2,p0,p6,p3,p6,p6,p1,p3,p3,p6,p4,p6,p3,p3,p2,p4,p2,p6,p3,p5,p2,p2,p3,p5,p3,p5,p3,p5,p3,p1,p0,p2,p0,p6,p5,p1,p5,p7,p4,p2,p1,p6,p5,p0,p0,p1,p2,p7,p2,p4,p2,p1,p3,p0,p2,p2,p1,p7,p4,p5,p0,p2,p4,p3,p0,p7,p6,p0,p1","p1,p7,p5,p2,p4,p3,p0,p6,p0,p1"
campaign_r1_task7_random,389,lemma2_head_bound,6,adv_bias,84,15,"p7,p7,p3,p4,p3,p3,p2,p5,p5,p0,p3,p0,p3,p3,p3,p2,p0,p6,p3,p6,p6,p1,p3,p3,p6,p4,p6,p3,p3,p2,p4,p2,p6,p3,p5,p2,p2,p3,p5,p3,p5,p3,p5,p3,p1,p0,p2,p0,p6,p5,p1,p5,p7,p4,p2,p1,p6,p5,p0,p0,p1,p2,p7,p2,p4,p2,p1,p3,p0,p2,p2,p1,p7,p4,p5,p0,p2,p4,p3,p0,p7,p6,p0,p1","p3,p0,p2,p1,p7,p4,p5,p2,p4,p3,p0,p7,p6,p0,p1"
campaign_r1_task7_random,401,lemma1_chain_monotone,5,noisy,90,15,"p6,p6,p3,p2,p2,p4,p6,p4,p2,p1,p2,p5,p2,p2,p7,p1,p4,p2,p7,p5,p4,p1,p7,p7,p2,p7,p7,p4,p3,p1,p7,p6,p7,p7,p3,p3,p0,p6,p3,p0,p1,p6,p1,p7,p10,p10,p7,p1,p0,p10,p0,p0,p7,p4,p4,p10,p11,p0,p0,p0,p7,p4,p0,p0,p0,p11,p6,p7,p2,p6,p8,p6,p0,p2,p7,p2,p4,p9,p4,p0,p0,p7,p7,p7,p3,p4,p7,p10,p11,p11","p10,p0,p11,p7,p2,p6,p8,p6,p2,p9,p7,p3,p4,p10,p11"
campaign_r1_task7_random,401,lemma2_head_bound,5,noisy,90,15,"p6,p6,p3,p2,p2,p4,p6,p4,p2,p1,p2,p5,p2,p2,p7,p1,p4,p2,p7,p5,p4,p1,p7,p7,p2,p7,p7,p4,p3,p1,p7,p6,p7,p7,p3,p3,p0,p6,p3,p0,p1,p6,p1,p7,p10,p10,p7,p1,p0,p10,p0,p0,p7,p4,p4,p10,p11,p0,p0,p0,p7,p4,p0,p0,p0,p11,p6,p7,p2,p6,p8,p6,p0,p2,p7,p2,p4,p9,p4,p0,p0,p7,p7,p7,p3,p4,p7,p10,p11,p11","p10,p0,p11,p7,p2,p6,p8,p6,p2,p9,p7,p3,p4,p10,p11"
campaign_r1_task7_random,401,lemma1_chain_monotone,5,noisy,90,15,"p6,p6,p3,p2,p2,p4,p6,p4,p2,p1,p2,p5,p2,p2,p7,p1,p4,p2,p7,p5,p4,p1,p7,p7,p2,p7,p7,p4,p3,p1,p7,p6,p7,p7,p3,p3,p0,p6,p3,p0,p1,p6,p1,p7,p10,p10,p7,p1,p0,p10,p0,p0,p7,p4,p4,p10,p11,p0,p0,p0,p7,p4,p0,p0,p0,p11,p6,p7,p2,p6,p8,p6,p0,p2,p7,p2,p4,p9,p4,p0,p0,p7,p7,p7,p3,p4,p7,p10,p11,p11","p10,p0,p11,p7,p2,p6,p8,p6,p2,p9,p7,p3,p4,p10,p11"
campaign_r1_task7_random,401,lemma2_head_bound,5,noisy,90,15,"p6,p6,p3,p2,p2,p4,p6,p4,p2,p1,p2,p5,p2,p2,p7,p1,p4,p2,p7,p5,p4,p1,p7,p7,p2,p7,p7,p4,p3,p1,p7,p6,p7,p7,p3,p3,p0,p6,p3,p0,p1,p6,p1,p7,p10,p10,p7,p1,p0,p10,p0,p0,p7,p4,p4,p10,p11,p0,p0,p0,p7,p4,p0,p0,p0,p11,p6,p7,p2,p6,p8,p6,p0,p2,p7,p2,p4,p9,p4,p0,p0,p7,p7,p7,p3,p4,p7,p10,p11,p11","p10,p0,p11,p7,p2,p6,p8,p6,p2,p9,p7,p3,p4,p10,p11"
campaign_r1_task7_random,404,lemma1_chain_monotone,4,near_tie,26,7,"p5,p5,p7,p5,p2,p1,p7,p7,p6,p6,p0,p4,p2,p0,p6,p4,p2,p2,p6,p2,p4,p0,p5,p2,p5,p1","p5,p7,p0,p6,p4,p2,p1"
